,original_habitat,transition_habitat,functional_habitat,functional_habAge,year
1,deforested,albizia_current,deforested,0,0
2,deforested,albizia_current,albizia_current,1,1
3,deforested,albizia_current,albizia_current,2,2
4,deforested,albizia_current,albizia_current,3,3
5,deforested,albizia_current,albizia_current,4,4
6,deforested,albizia_current,albizia_current,5,5
7,deforested,albizia_current,albizia_current,6,6
8,deforested,albizia_current,albizia_current,7,7
9,deforested,albizia_current,albizia_current,8,8
10,deforested,albizia_current,albizia_current,9,9
11,deforested,albizia_current,albizia_current,10,10
12,deforested,albizia_current,albizia_current,11,11
13,deforested,albizia_current,albizia_current,12,12
14,deforested,albizia_current,albizia_current,1,13
15,deforested,albizia_current,albizia_current,2,14
16,deforested,albizia_current,albizia_current,3,15
17,deforested,albizia_current,albizia_current,4,16
18,deforested,albizia_current,albizia_current,5,17
19,deforested,albizia_current,albizia_current,6,18
20,deforested,albizia_current,albizia_current,7,19
21,deforested,albizia_current,albizia_current,8,20
22,deforested,albizia_current,albizia_current,9,21
23,deforested,albizia_current,albizia_current,10,22
24,deforested,albizia_current,albizia_current,11,23
25,deforested,albizia_current,albizia_current,12,24
26,deforested,albizia_current,albizia_current,1,25
27,deforested,albizia_current,albizia_current,2,26
28,deforested,albizia_current,albizia_current,3,27
29,deforested,albizia_current,albizia_current,4,28
30,deforested,albizia_current,albizia_current,5,29
31,deforested,albizia_current,albizia_current,6,30
32,deforested,albizia_current,albizia_current,7,31
33,deforested,albizia_current,albizia_current,8,32
34,deforested,albizia_current,albizia_current,9,33
35,deforested,albizia_current,albizia_current,10,34
36,deforested,albizia_current,albizia_current,11,35
37,deforested,albizia_current,albizia_current,12,36
38,deforested,albizia_current,albizia_current,1,37
39,deforested,albizia_current,albizia_current,2,38
40,deforested,albizia_current,albizia_current,3,39
41,deforested,albizia_current,albizia_current,4,40
42,deforested,albizia_current,albizia_current,5,41
43,deforested,albizia_current,albizia_current,6,42
44,deforested,albizia_current,albizia_current,7,43
45,deforested,albizia_current,albizia_current,8,44
46,deforested,albizia_current,albizia_current,9,45
47,deforested,albizia_current,albizia_current,10,46
48,deforested,albizia_current,albizia_current,11,47
49,deforested,albizia_current,albizia_current,12,48
50,deforested,albizia_current,albizia_current,1,49
51,deforested,albizia_current,albizia_current,2,50
52,deforested,albizia_current,albizia_current,3,51
53,deforested,albizia_current,albizia_current,4,52
54,deforested,albizia_current,albizia_current,5,53
55,deforested,albizia_current,albizia_current,6,54
56,deforested,albizia_current,albizia_current,7,55
57,deforested,albizia_current,albizia_current,8,56
58,deforested,albizia_current,albizia_current,9,57
59,deforested,albizia_current,albizia_current,10,58
60,deforested,albizia_current,albizia_current,11,59
61,deforested,albizia_current,albizia_current,12,60
62,deforested,albizia_improved,deforested,0,0
63,deforested,albizia_improved,albizia_improved,1,1
64,deforested,albizia_improved,albizia_improved,2,2
65,deforested,albizia_improved,albizia_improved,3,3
66,deforested,albizia_improved,albizia_improved,4,4
67,deforested,albizia_improved,albizia_improved,5,5
68,deforested,albizia_improved,albizia_improved,6,6
69,deforested,albizia_improved,albizia_improved,7,7
70,deforested,albizia_improved,albizia_improved,8,8
71,deforested,albizia_improved,albizia_improved,9,9
72,deforested,albizia_improved,albizia_improved,10,10
73,deforested,albizia_improved,albizia_improved,11,11
74,deforested,albizia_improved,albizia_improved,12,12
75,deforested,albizia_improved,albizia_improved,1,13
76,deforested,albizia_improved,albizia_improved,2,14
77,deforested,albizia_improved,albizia_improved,3,15
78,deforested,albizia_improved,albizia_improved,4,16
79,deforested,albizia_improved,albizia_improved,5,17
80,deforested,albizia_improved,albizia_improved,6,18
81,deforested,albizia_improved,albizia_improved,7,19
82,deforested,albizia_improved,albizia_improved,8,20
83,deforested,albizia_improved,albizia_improved,9,21
84,deforested,albizia_improved,albizia_improved,10,22
85,deforested,albizia_improved,albizia_improved,11,23
86,deforested,albizia_improved,albizia_improved,12,24
87,deforested,albizia_improved,albizia_improved,1,25
88,deforested,albizia_improved,albizia_improved,2,26
89,deforested,albizia_improved,albizia_improved,3,27
90,deforested,albizia_improved,albizia_improved,4,28
91,deforested,albizia_improved,albizia_improved,5,29
92,deforested,albizia_improved,albizia_improved,6,30
93,deforested,albizia_improved,albizia_improved,7,31
94,deforested,albizia_improved,albizia_improved,8,32
95,deforested,albizia_improved,albizia_improved,9,33
96,deforested,albizia_improved,albizia_improved,10,34
97,deforested,albizia_improved,albizia_improved,11,35
98,deforested,albizia_improved,albizia_improved,12,36
99,deforested,albizia_improved,albizia_improved,1,37
100,deforested,albizia_improved,albizia_improved,2,38
101,deforested,albizia_improved,albizia_improved,3,39
102,deforested,albizia_improved,albizia_improved,4,40
103,deforested,albizia_improved,albizia_improved,5,41
104,deforested,albizia_improved,albizia_improved,6,42
105,deforested,albizia_improved,albizia_improved,7,43
106,deforested,albizia_improved,albizia_improved,8,44
107,deforested,albizia_improved,albizia_improved,9,45
108,deforested,albizia_improved,albizia_improved,10,46
109,deforested,albizia_improved,albizia_improved,11,47
110,deforested,albizia_improved,albizia_improved,12,48
111,deforested,albizia_improved,albizia_improved,1,49
112,deforested,albizia_improved,albizia_improved,2,50
113,deforested,albizia_improved,albizia_improved,3,51
114,deforested,albizia_improved,albizia_improved,4,52
115,deforested,albizia_improved,albizia_improved,5,53
116,deforested,albizia_improved,albizia_improved,6,54
117,deforested,albizia_improved,albizia_improved,7,55
118,deforested,albizia_improved,albizia_improved,8,56
119,deforested,albizia_improved,albizia_improved,9,57
120,deforested,albizia_improved,albizia_improved,10,58
121,deforested,albizia_improved,albizia_improved,11,59
122,deforested,albizia_improved,albizia_improved,12,60
123,deforested,deforested,deforested,0,0
124,deforested,deforested,deforested,1,1
125,deforested,deforested,deforested,2,2
126,deforested,deforested,deforested,3,3
127,deforested,deforested,deforested,4,4
128,deforested,deforested,deforested,5,5
129,deforested,deforested,deforested,6,6
130,deforested,deforested,deforested,7,7
131,deforested,deforested,deforested,8,8
132,deforested,deforested,deforested,9,9
133,deforested,deforested,deforested,10,10
134,deforested,deforested,deforested,11,11
135,deforested,deforested,deforested,12,12
136,deforested,deforested,deforested,13,13
137,deforested,deforested,deforested,14,14
138,deforested,deforested,deforested,15,15
139,deforested,deforested,deforested,16,16
140,deforested,deforested,deforested,17,17
141,deforested,deforested,deforested,18,18
142,deforested,deforested,deforested,19,19
143,deforested,deforested,deforested,20,20
144,deforested,deforested,deforested,21,21
145,deforested,deforested,deforested,22,22
146,deforested,deforested,deforested,23,23
147,deforested,deforested,deforested,24,24
148,deforested,deforested,deforested,25,25
149,deforested,deforested,deforested,26,26
150,deforested,deforested,deforested,27,27
151,deforested,deforested,deforested,28,28
152,deforested,deforested,deforested,29,29
153,deforested,deforested,deforested,30,30
154,deforested,deforested,deforested,31,31
155,deforested,deforested,deforested,32,32
156,deforested,deforested,deforested,33,33
157,deforested,deforested,deforested,34,34
158,deforested,deforested,deforested,35,35
159,deforested,deforested,deforested,36,36
160,deforested,deforested,deforested,37,37
161,deforested,deforested,deforested,38,38
162,deforested,deforested,deforested,39,39
163,deforested,deforested,deforested,40,40
164,deforested,deforested,deforested,41,41
165,deforested,deforested,deforested,42,42
166,deforested,deforested,deforested,43,43
167,deforested,deforested,deforested,44,44
168,deforested,deforested,deforested,45,45
169,deforested,deforested,deforested,46,46
170,deforested,deforested,deforested,47,47
171,deforested,deforested,deforested,48,48
172,deforested,deforested,deforested,49,49
173,deforested,deforested,deforested,50,50
174,deforested,deforested,deforested,51,51
175,deforested,deforested,deforested,52,52
176,deforested,deforested,deforested,53,53
177,deforested,deforested,deforested,54,54
178,deforested,deforested,deforested,55,55
179,deforested,deforested,deforested,56,56
180,deforested,deforested,deforested,57,57
181,deforested,deforested,deforested,58,58
182,deforested,deforested,deforested,59,59
183,deforested,deforested,deforested,60,60
184,deforested,eucalyptus_current,deforested,0,0
185,deforested,eucalyptus_current,eucalyptus_current,1,1
186,deforested,eucalyptus_current,eucalyptus_current,2,2
187,deforested,eucalyptus_current,eucalyptus_current,3,3
188,deforested,eucalyptus_current,eucalyptus_current,4,4
189,deforested,eucalyptus_current,eucalyptus_current,5,5
190,deforested,eucalyptus_current,eucalyptus_current,6,6
191,deforested,eucalyptus_current,eucalyptus_current,1,7
192,deforested,eucalyptus_current,eucalyptus_current,2,8
193,deforested,eucalyptus_current,eucalyptus_current,3,9
194,deforested,eucalyptus_current,eucalyptus_current,4,10
195,deforested,eucalyptus_current,eucalyptus_current,5,11
196,deforested,eucalyptus_current,eucalyptus_current,6,12
197,deforested,eucalyptus_current,eucalyptus_current,1,13
198,deforested,eucalyptus_current,eucalyptus_current,2,14
199,deforested,eucalyptus_current,eucalyptus_current,3,15
200,deforested,eucalyptus_current,eucalyptus_current,4,16
201,deforested,eucalyptus_current,eucalyptus_current,5,17
202,deforested,eucalyptus_current,eucalyptus_current,6,18
203,deforested,eucalyptus_current,eucalyptus_current,1,19
204,deforested,eucalyptus_current,eucalyptus_current,2,20
205,deforested,eucalyptus_current,eucalyptus_current,3,21
206,deforested,eucalyptus_current,eucalyptus_current,4,22
207,deforested,eucalyptus_current,eucalyptus_current,5,23
208,deforested,eucalyptus_current,eucalyptus_current,6,24
209,deforested,eucalyptus_current,eucalyptus_current,1,25
210,deforested,eucalyptus_current,eucalyptus_current,2,26
211,deforested,eucalyptus_current,eucalyptus_current,3,27
212,deforested,eucalyptus_current,eucalyptus_current,4,28
213,deforested,eucalyptus_current,eucalyptus_current,5,29
214,deforested,eucalyptus_current,eucalyptus_current,6,30
215,deforested,eucalyptus_current,eucalyptus_current,1,31
216,deforested,eucalyptus_current,eucalyptus_current,2,32
217,deforested,eucalyptus_current,eucalyptus_current,3,33
218,deforested,eucalyptus_current,eucalyptus_current,4,34
219,deforested,eucalyptus_current,eucalyptus_current,5,35
220,deforested,eucalyptus_current,eucalyptus_current,6,36
221,deforested,eucalyptus_current,eucalyptus_current,1,37
222,deforested,eucalyptus_current,eucalyptus_current,2,38
223,deforested,eucalyptus_current,eucalyptus_current,3,39
224,deforested,eucalyptus_current,eucalyptus_current,4,40
225,deforested,eucalyptus_current,eucalyptus_current,5,41
226,deforested,eucalyptus_current,eucalyptus_current,6,42
227,deforested,eucalyptus_current,eucalyptus_current,1,43
228,deforested,eucalyptus_current,eucalyptus_current,2,44
229,deforested,eucalyptus_current,eucalyptus_current,3,45
230,deforested,eucalyptus_current,eucalyptus_current,4,46
231,deforested,eucalyptus_current,eucalyptus_current,5,47
232,deforested,eucalyptus_current,eucalyptus_current,6,48
233,deforested,eucalyptus_current,eucalyptus_current,1,49
234,deforested,eucalyptus_current,eucalyptus_current,2,50
235,deforested,eucalyptus_current,eucalyptus_current,3,51
236,deforested,eucalyptus_current,eucalyptus_current,4,52
237,deforested,eucalyptus_current,eucalyptus_current,5,53
238,deforested,eucalyptus_current,eucalyptus_current,6,54
239,deforested,eucalyptus_current,eucalyptus_current,1,55
240,deforested,eucalyptus_current,eucalyptus_current,2,56
241,deforested,eucalyptus_current,eucalyptus_current,3,57
242,deforested,eucalyptus_current,eucalyptus_current,4,58
243,deforested,eucalyptus_current,eucalyptus_current,5,59
244,deforested,eucalyptus_current,eucalyptus_current,6,60
245,deforested,eucalyptus_improved,deforested,0,0
246,deforested,eucalyptus_improved,eucalyptus_improved,1,1
247,deforested,eucalyptus_improved,eucalyptus_improved,2,2
248,deforested,eucalyptus_improved,eucalyptus_improved,3,3
249,deforested,eucalyptus_improved,eucalyptus_improved,4,4
250,deforested,eucalyptus_improved,eucalyptus_improved,5,5
251,deforested,eucalyptus_improved,eucalyptus_improved,6,6
252,deforested,eucalyptus_improved,eucalyptus_improved,1,7
253,deforested,eucalyptus_improved,eucalyptus_improved,2,8
254,deforested,eucalyptus_improved,eucalyptus_improved,3,9
255,deforested,eucalyptus_improved,eucalyptus_improved,4,10
256,deforested,eucalyptus_improved,eucalyptus_improved,5,11
257,deforested,eucalyptus_improved,eucalyptus_improved,6,12
258,deforested,eucalyptus_improved,eucalyptus_improved,1,13
259,deforested,eucalyptus_improved,eucalyptus_improved,2,14
260,deforested,eucalyptus_improved,eucalyptus_improved,3,15
261,deforested,eucalyptus_improved,eucalyptus_improved,4,16
262,deforested,eucalyptus_improved,eucalyptus_improved,5,17
263,deforested,eucalyptus_improved,eucalyptus_improved,6,18
264,deforested,eucalyptus_improved,eucalyptus_improved,1,19
265,deforested,eucalyptus_improved,eucalyptus_improved,2,20
266,deforested,eucalyptus_improved,eucalyptus_improved,3,21
267,deforested,eucalyptus_improved,eucalyptus_improved,4,22
268,deforested,eucalyptus_improved,eucalyptus_improved,5,23
269,deforested,eucalyptus_improved,eucalyptus_improved,6,24
270,deforested,eucalyptus_improved,eucalyptus_improved,1,25
271,deforested,eucalyptus_improved,eucalyptus_improved,2,26
272,deforested,eucalyptus_improved,eucalyptus_improved,3,27
273,deforested,eucalyptus_improved,eucalyptus_improved,4,28
274,deforested,eucalyptus_improved,eucalyptus_improved,5,29
275,deforested,eucalyptus_improved,eucalyptus_improved,6,30
276,deforested,eucalyptus_improved,eucalyptus_improved,1,31
277,deforested,eucalyptus_improved,eucalyptus_improved,2,32
278,deforested,eucalyptus_improved,eucalyptus_improved,3,33
279,deforested,eucalyptus_improved,eucalyptus_improved,4,34
280,deforested,eucalyptus_improved,eucalyptus_improved,5,35
281,deforested,eucalyptus_improved,eucalyptus_improved,6,36
282,deforested,eucalyptus_improved,eucalyptus_improved,1,37
283,deforested,eucalyptus_improved,eucalyptus_improved,2,38
284,deforested,eucalyptus_improved,eucalyptus_improved,3,39
285,deforested,eucalyptus_improved,eucalyptus_improved,4,40
286,deforested,eucalyptus_improved,eucalyptus_improved,5,41
287,deforested,eucalyptus_improved,eucalyptus_improved,6,42
288,deforested,eucalyptus_improved,eucalyptus_improved,1,43
289,deforested,eucalyptus_improved,eucalyptus_improved,2,44
290,deforested,eucalyptus_improved,eucalyptus_improved,3,45
291,deforested,eucalyptus_improved,eucalyptus_improved,4,46
292,deforested,eucalyptus_improved,eucalyptus_improved,5,47
293,deforested,eucalyptus_improved,eucalyptus_improved,6,48
294,deforested,eucalyptus_improved,eucalyptus_improved,1,49
295,deforested,eucalyptus_improved,eucalyptus_improved,2,50
296,deforested,eucalyptus_improved,eucalyptus_improved,3,51
297,deforested,eucalyptus_improved,eucalyptus_improved,4,52
298,deforested,eucalyptus_improved,eucalyptus_improved,5,53
299,deforested,eucalyptus_improved,eucalyptus_improved,6,54
300,deforested,eucalyptus_improved,eucalyptus_improved,1,55
301,deforested,eucalyptus_improved,eucalyptus_improved,2,56
302,deforested,eucalyptus_improved,eucalyptus_improved,3,57
303,deforested,eucalyptus_improved,eucalyptus_improved,4,58
304,deforested,eucalyptus_improved,eucalyptus_improved,5,59
305,deforested,eucalyptus_improved,eucalyptus_improved,6,60
306,once-logged,albizia_current,once-logged,0,0
307,once-logged,albizia_current,albizia_current,1,1
308,once-logged,albizia_current,albizia_current,2,2
309,once-logged,albizia_current,albizia_current,3,3
310,once-logged,albizia_current,albizia_current,4,4
311,once-logged,albizia_current,albizia_current,5,5
312,once-logged,albizia_current,albizia_current,6,6
313,once-logged,albizia_current,albizia_current,7,7
314,once-logged,albizia_current,albizia_current,8,8
315,once-logged,albizia_current,albizia_current,9,9
316,once-logged,albizia_current,albizia_current,10,10
317,once-logged,albizia_current,albizia_current,11,11
318,once-logged,albizia_current,albizia_current,12,12
319,once-logged,albizia_current,albizia_current,1,13
320,once-logged,albizia_current,albizia_current,2,14
321,once-logged,albizia_current,albizia_current,3,15
322,once-logged,albizia_current,albizia_current,4,16
323,once-logged,albizia_current,albizia_current,5,17
324,once-logged,albizia_current,albizia_current,6,18
325,once-logged,albizia_current,albizia_current,7,19
326,once-logged,albizia_current,albizia_current,8,20
327,once-logged,albizia_current,albizia_current,9,21
328,once-logged,albizia_current,albizia_current,10,22
329,once-logged,albizia_current,albizia_current,11,23
330,once-logged,albizia_current,albizia_current,12,24
331,once-logged,albizia_current,albizia_current,1,25
332,once-logged,albizia_current,albizia_current,2,26
333,once-logged,albizia_current,albizia_current,3,27
334,once-logged,albizia_current,albizia_current,4,28
335,once-logged,albizia_current,albizia_current,5,29
336,once-logged,albizia_current,albizia_current,6,30
337,once-logged,albizia_current,albizia_current,7,31
338,once-logged,albizia_current,albizia_current,8,32
339,once-logged,albizia_current,albizia_current,9,33
340,once-logged,albizia_current,albizia_current,10,34
341,once-logged,albizia_current,albizia_current,11,35
342,once-logged,albizia_current,albizia_current,12,36
343,once-logged,albizia_current,albizia_current,1,37
344,once-logged,albizia_current,albizia_current,2,38
345,once-logged,albizia_current,albizia_current,3,39
346,once-logged,albizia_current,albizia_current,4,40
347,once-logged,albizia_current,albizia_current,5,41
348,once-logged,albizia_current,albizia_current,6,42
349,once-logged,albizia_current,albizia_current,7,43
350,once-logged,albizia_current,albizia_current,8,44
351,once-logged,albizia_current,albizia_current,9,45
352,once-logged,albizia_current,albizia_current,10,46
353,once-logged,albizia_current,albizia_current,11,47
354,once-logged,albizia_current,albizia_current,12,48
355,once-logged,albizia_current,albizia_current,1,49
356,once-logged,albizia_current,albizia_current,2,50
357,once-logged,albizia_current,albizia_current,3,51
358,once-logged,albizia_current,albizia_current,4,52
359,once-logged,albizia_current,albizia_current,5,53
360,once-logged,albizia_current,albizia_current,6,54
361,once-logged,albizia_current,albizia_current,7,55
362,once-logged,albizia_current,albizia_current,8,56
363,once-logged,albizia_current,albizia_current,9,57
364,once-logged,albizia_current,albizia_current,10,58
365,once-logged,albizia_current,albizia_current,11,59
366,once-logged,albizia_current,albizia_current,12,60
367,once-logged,albizia_improved,once-logged,0,0
368,once-logged,albizia_improved,albizia_improved,1,1
369,once-logged,albizia_improved,albizia_improved,2,2
370,once-logged,albizia_improved,albizia_improved,3,3
371,once-logged,albizia_improved,albizia_improved,4,4
372,once-logged,albizia_improved,albizia_improved,5,5
373,once-logged,albizia_improved,albizia_improved,6,6
374,once-logged,albizia_improved,albizia_improved,7,7
375,once-logged,albizia_improved,albizia_improved,8,8
376,once-logged,albizia_improved,albizia_improved,9,9
377,once-logged,albizia_improved,albizia_improved,10,10
378,once-logged,albizia_improved,albizia_improved,11,11
379,once-logged,albizia_improved,albizia_improved,12,12
380,once-logged,albizia_improved,albizia_improved,1,13
381,once-logged,albizia_improved,albizia_improved,2,14
382,once-logged,albizia_improved,albizia_improved,3,15
383,once-logged,albizia_improved,albizia_improved,4,16
384,once-logged,albizia_improved,albizia_improved,5,17
385,once-logged,albizia_improved,albizia_improved,6,18
386,once-logged,albizia_improved,albizia_improved,7,19
387,once-logged,albizia_improved,albizia_improved,8,20
388,once-logged,albizia_improved,albizia_improved,9,21
389,once-logged,albizia_improved,albizia_improved,10,22
390,once-logged,albizia_improved,albizia_improved,11,23
391,once-logged,albizia_improved,albizia_improved,12,24
392,once-logged,albizia_improved,albizia_improved,1,25
393,once-logged,albizia_improved,albizia_improved,2,26
394,once-logged,albizia_improved,albizia_improved,3,27
395,once-logged,albizia_improved,albizia_improved,4,28
396,once-logged,albizia_improved,albizia_improved,5,29
397,once-logged,albizia_improved,albizia_improved,6,30
398,once-logged,albizia_improved,albizia_improved,7,31
399,once-logged,albizia_improved,albizia_improved,8,32
400,once-logged,albizia_improved,albizia_improved,9,33
401,once-logged,albizia_improved,albizia_improved,10,34
402,once-logged,albizia_improved,albizia_improved,11,35
403,once-logged,albizia_improved,albizia_improved,12,36
404,once-logged,albizia_improved,albizia_improved,1,37
405,once-logged,albizia_improved,albizia_improved,2,38
406,once-logged,albizia_improved,albizia_improved,3,39
407,once-logged,albizia_improved,albizia_improved,4,40
408,once-logged,albizia_improved,albizia_improved,5,41
409,once-logged,albizia_improved,albizia_improved,6,42
410,once-logged,albizia_improved,albizia_improved,7,43
411,once-logged,albizia_improved,albizia_improved,8,44
412,once-logged,albizia_improved,albizia_improved,9,45
413,once-logged,albizia_improved,albizia_improved,10,46
414,once-logged,albizia_improved,albizia_improved,11,47
415,once-logged,albizia_improved,albizia_improved,12,48
416,once-logged,albizia_improved,albizia_improved,1,49
417,once-logged,albizia_improved,albizia_improved,2,50
418,once-logged,albizia_improved,albizia_improved,3,51
419,once-logged,albizia_improved,albizia_improved,4,52
420,once-logged,albizia_improved,albizia_improved,5,53
421,once-logged,albizia_improved,albizia_improved,6,54
422,once-logged,albizia_improved,albizia_improved,7,55
423,once-logged,albizia_improved,albizia_improved,8,56
424,once-logged,albizia_improved,albizia_improved,9,57
425,once-logged,albizia_improved,albizia_improved,10,58
426,once-logged,albizia_improved,albizia_improved,11,59
427,once-logged,albizia_improved,albizia_improved,12,60
428,once-logged,eucalyptus_current,once-logged,0,0
429,once-logged,eucalyptus_current,eucalyptus_current,1,1
430,once-logged,eucalyptus_current,eucalyptus_current,2,2
431,once-logged,eucalyptus_current,eucalyptus_current,3,3
432,once-logged,eucalyptus_current,eucalyptus_current,4,4
433,once-logged,eucalyptus_current,eucalyptus_current,5,5
434,once-logged,eucalyptus_current,eucalyptus_current,6,6
435,once-logged,eucalyptus_current,eucalyptus_current,1,7
436,once-logged,eucalyptus_current,eucalyptus_current,2,8
437,once-logged,eucalyptus_current,eucalyptus_current,3,9
438,once-logged,eucalyptus_current,eucalyptus_current,4,10
439,once-logged,eucalyptus_current,eucalyptus_current,5,11
440,once-logged,eucalyptus_current,eucalyptus_current,6,12
441,once-logged,eucalyptus_current,eucalyptus_current,1,13
442,once-logged,eucalyptus_current,eucalyptus_current,2,14
443,once-logged,eucalyptus_current,eucalyptus_current,3,15
444,once-logged,eucalyptus_current,eucalyptus_current,4,16
445,once-logged,eucalyptus_current,eucalyptus_current,5,17
446,once-logged,eucalyptus_current,eucalyptus_current,6,18
447,once-logged,eucalyptus_current,eucalyptus_current,1,19
448,once-logged,eucalyptus_current,eucalyptus_current,2,20
449,once-logged,eucalyptus_current,eucalyptus_current,3,21
450,once-logged,eucalyptus_current,eucalyptus_current,4,22
451,once-logged,eucalyptus_current,eucalyptus_current,5,23
452,once-logged,eucalyptus_current,eucalyptus_current,6,24
453,once-logged,eucalyptus_current,eucalyptus_current,1,25
454,once-logged,eucalyptus_current,eucalyptus_current,2,26
455,once-logged,eucalyptus_current,eucalyptus_current,3,27
456,once-logged,eucalyptus_current,eucalyptus_current,4,28
457,once-logged,eucalyptus_current,eucalyptus_current,5,29
458,once-logged,eucalyptus_current,eucalyptus_current,6,30
459,once-logged,eucalyptus_current,eucalyptus_current,1,31
460,once-logged,eucalyptus_current,eucalyptus_current,2,32
461,once-logged,eucalyptus_current,eucalyptus_current,3,33
462,once-logged,eucalyptus_current,eucalyptus_current,4,34
463,once-logged,eucalyptus_current,eucalyptus_current,5,35
464,once-logged,eucalyptus_current,eucalyptus_current,6,36
465,once-logged,eucalyptus_current,eucalyptus_current,1,37
466,once-logged,eucalyptus_current,eucalyptus_current,2,38
467,once-logged,eucalyptus_current,eucalyptus_current,3,39
468,once-logged,eucalyptus_current,eucalyptus_current,4,40
469,once-logged,eucalyptus_current,eucalyptus_current,5,41
470,once-logged,eucalyptus_current,eucalyptus_current,6,42
471,once-logged,eucalyptus_current,eucalyptus_current,1,43
472,once-logged,eucalyptus_current,eucalyptus_current,2,44
473,once-logged,eucalyptus_current,eucalyptus_current,3,45
474,once-logged,eucalyptus_current,eucalyptus_current,4,46
475,once-logged,eucalyptus_current,eucalyptus_current,5,47
476,once-logged,eucalyptus_current,eucalyptus_current,6,48
477,once-logged,eucalyptus_current,eucalyptus_current,1,49
478,once-logged,eucalyptus_current,eucalyptus_current,2,50
479,once-logged,eucalyptus_current,eucalyptus_current,3,51
480,once-logged,eucalyptus_current,eucalyptus_current,4,52
481,once-logged,eucalyptus_current,eucalyptus_current,5,53
482,once-logged,eucalyptus_current,eucalyptus_current,6,54
483,once-logged,eucalyptus_current,eucalyptus_current,1,55
484,once-logged,eucalyptus_current,eucalyptus_current,2,56
485,once-logged,eucalyptus_current,eucalyptus_current,3,57
486,once-logged,eucalyptus_current,eucalyptus_current,4,58
487,once-logged,eucalyptus_current,eucalyptus_current,5,59
488,once-logged,eucalyptus_current,eucalyptus_current,6,60
489,once-logged,eucalyptus_improved,once-logged,0,0
490,once-logged,eucalyptus_improved,eucalyptus_improved,1,1
491,once-logged,eucalyptus_improved,eucalyptus_improved,2,2
492,once-logged,eucalyptus_improved,eucalyptus_improved,3,3
493,once-logged,eucalyptus_improved,eucalyptus_improved,4,4
494,once-logged,eucalyptus_improved,eucalyptus_improved,5,5
495,once-logged,eucalyptus_improved,eucalyptus_improved,6,6
496,once-logged,eucalyptus_improved,eucalyptus_improved,1,7
497,once-logged,eucalyptus_improved,eucalyptus_improved,2,8
498,once-logged,eucalyptus_improved,eucalyptus_improved,3,9
499,once-logged,eucalyptus_improved,eucalyptus_improved,4,10
500,once-logged,eucalyptus_improved,eucalyptus_improved,5,11
501,once-logged,eucalyptus_improved,eucalyptus_improved,6,12
502,once-logged,eucalyptus_improved,eucalyptus_improved,1,13
503,once-logged,eucalyptus_improved,eucalyptus_improved,2,14
504,once-logged,eucalyptus_improved,eucalyptus_improved,3,15
505,once-logged,eucalyptus_improved,eucalyptus_improved,4,16
506,once-logged,eucalyptus_improved,eucalyptus_improved,5,17
507,once-logged,eucalyptus_improved,eucalyptus_improved,6,18
508,once-logged,eucalyptus_improved,eucalyptus_improved,1,19
509,once-logged,eucalyptus_improved,eucalyptus_improved,2,20
510,once-logged,eucalyptus_improved,eucalyptus_improved,3,21
511,once-logged,eucalyptus_improved,eucalyptus_improved,4,22
512,once-logged,eucalyptus_improved,eucalyptus_improved,5,23
513,once-logged,eucalyptus_improved,eucalyptus_improved,6,24
514,once-logged,eucalyptus_improved,eucalyptus_improved,1,25
515,once-logged,eucalyptus_improved,eucalyptus_improved,2,26
516,once-logged,eucalyptus_improved,eucalyptus_improved,3,27
517,once-logged,eucalyptus_improved,eucalyptus_improved,4,28
518,once-logged,eucalyptus_improved,eucalyptus_improved,5,29
519,once-logged,eucalyptus_improved,eucalyptus_improved,6,30
520,once-logged,eucalyptus_improved,eucalyptus_improved,1,31
521,once-logged,eucalyptus_improved,eucalyptus_improved,2,32
522,once-logged,eucalyptus_improved,eucalyptus_improved,3,33
523,once-logged,eucalyptus_improved,eucalyptus_improved,4,34
524,once-logged,eucalyptus_improved,eucalyptus_improved,5,35
525,once-logged,eucalyptus_improved,eucalyptus_improved,6,36
526,once-logged,eucalyptus_improved,eucalyptus_improved,1,37
527,once-logged,eucalyptus_improved,eucalyptus_improved,2,38
528,once-logged,eucalyptus_improved,eucalyptus_improved,3,39
529,once-logged,eucalyptus_improved,eucalyptus_improved,4,40
530,once-logged,eucalyptus_improved,eucalyptus_improved,5,41
531,once-logged,eucalyptus_improved,eucalyptus_improved,6,42
532,once-logged,eucalyptus_improved,eucalyptus_improved,1,43
533,once-logged,eucalyptus_improved,eucalyptus_improved,2,44
534,once-logged,eucalyptus_improved,eucalyptus_improved,3,45
535,once-logged,eucalyptus_improved,eucalyptus_improved,4,46
536,once-logged,eucalyptus_improved,eucalyptus_improved,5,47
537,once-logged,eucalyptus_improved,eucalyptus_improved,6,48
538,once-logged,eucalyptus_improved,eucalyptus_improved,1,49
539,once-logged,eucalyptus_improved,eucalyptus_improved,2,50
540,once-logged,eucalyptus_improved,eucalyptus_improved,3,51
541,once-logged,eucalyptus_improved,eucalyptus_improved,4,52
542,once-logged,eucalyptus_improved,eucalyptus_improved,5,53
543,once-logged,eucalyptus_improved,eucalyptus_improved,6,54
544,once-logged,eucalyptus_improved,eucalyptus_improved,1,55
545,once-logged,eucalyptus_improved,eucalyptus_improved,2,56
546,once-logged,eucalyptus_improved,eucalyptus_improved,3,57
547,once-logged,eucalyptus_improved,eucalyptus_improved,4,58
548,once-logged,eucalyptus_improved,eucalyptus_improved,5,59
549,once-logged,eucalyptus_improved,eucalyptus_improved,6,60
550,once-logged,once-logged,once-logged,0,0
551,once-logged,once-logged,once-logged,1,1
552,once-logged,once-logged,once-logged,2,2
553,once-logged,once-logged,once-logged,3,3
554,once-logged,once-logged,once-logged,4,4
555,once-logged,once-logged,once-logged,5,5
556,once-logged,once-logged,once-logged,6,6
557,once-logged,once-logged,once-logged,7,7
558,once-logged,once-logged,once-logged,8,8
559,once-logged,once-logged,once-logged,9,9
560,once-logged,once-logged,once-logged,10,10
561,once-logged,once-logged,once-logged,11,11
562,once-logged,once-logged,once-logged,12,12
563,once-logged,once-logged,once-logged,13,13
564,once-logged,once-logged,once-logged,14,14
565,once-logged,once-logged,once-logged,15,15
566,once-logged,once-logged,once-logged,16,16
567,once-logged,once-logged,once-logged,17,17
568,once-logged,once-logged,once-logged,18,18
569,once-logged,once-logged,once-logged,19,19
570,once-logged,once-logged,once-logged,20,20
571,once-logged,once-logged,once-logged,21,21
572,once-logged,once-logged,once-logged,22,22
573,once-logged,once-logged,once-logged,23,23
574,once-logged,once-logged,once-logged,24,24
575,once-logged,once-logged,once-logged,25,25
576,once-logged,once-logged,once-logged,26,26
577,once-logged,once-logged,once-logged,27,27
578,once-logged,once-logged,once-logged,28,28
579,once-logged,once-logged,once-logged,29,29
580,once-logged,once-logged,once-logged,30,30
581,once-logged,once-logged,once-logged,31,31
582,once-logged,once-logged,once-logged,32,32
583,once-logged,once-logged,once-logged,33,33
584,once-logged,once-logged,once-logged,34,34
585,once-logged,once-logged,once-logged,35,35
586,once-logged,once-logged,once-logged,36,36
587,once-logged,once-logged,once-logged,37,37
588,once-logged,once-logged,once-logged,38,38
589,once-logged,once-logged,once-logged,39,39
590,once-logged,once-logged,once-logged,40,40
591,once-logged,once-logged,once-logged,41,41
592,once-logged,once-logged,once-logged,42,42
593,once-logged,once-logged,once-logged,43,43
594,once-logged,once-logged,once-logged,44,44
595,once-logged,once-logged,once-logged,45,45
596,once-logged,once-logged,once-logged,46,46
597,once-logged,once-logged,once-logged,47,47
598,once-logged,once-logged,once-logged,48,48
599,once-logged,once-logged,once-logged,49,49
600,once-logged,once-logged,once-logged,50,50
601,once-logged,once-logged,once-logged,51,51
602,once-logged,once-logged,once-logged,52,52
603,once-logged,once-logged,once-logged,53,53
604,once-logged,once-logged,once-logged,54,54
605,once-logged,once-logged,once-logged,55,55
606,once-logged,once-logged,once-logged,56,56
607,once-logged,once-logged,once-logged,57,57
608,once-logged,once-logged,once-logged,58,58
609,once-logged,once-logged,once-logged,59,59
610,once-logged,once-logged,once-logged,60,60
611,once-logged,restored,once-logged,0,0
612,once-logged,restored,restored,1,1
613,once-logged,restored,restored,2,2
614,once-logged,restored,restored,3,3
615,once-logged,restored,restored,4,4
616,once-logged,restored,restored,5,5
617,once-logged,restored,restored,6,6
618,once-logged,restored,restored,7,7
619,once-logged,restored,restored,8,8
620,once-logged,restored,restored,9,9
621,once-logged,restored,restored,10,10
622,once-logged,restored,restored,11,11
623,once-logged,restored,restored,12,12
624,once-logged,restored,restored,13,13
625,once-logged,restored,restored,14,14
626,once-logged,restored,restored,15,15
627,once-logged,restored,restored,16,16
628,once-logged,restored,restored,17,17
629,once-logged,restored,restored,18,18
630,once-logged,restored,restored,19,19
631,once-logged,restored,restored,20,20
632,once-logged,restored,restored,21,21
633,once-logged,restored,restored,22,22
634,once-logged,restored,restored,23,23
635,once-logged,restored,restored,24,24
636,once-logged,restored,restored,25,25
637,once-logged,restored,restored,26,26
638,once-logged,restored,restored,27,27
639,once-logged,restored,restored,28,28
640,once-logged,restored,restored,29,29
641,once-logged,restored,restored,30,30
642,once-logged,restored,restored,31,31
643,once-logged,restored,restored,32,32
644,once-logged,restored,restored,33,33
645,once-logged,restored,restored,34,34
646,once-logged,restored,restored,35,35
647,once-logged,restored,restored,36,36
648,once-logged,restored,restored,37,37
649,once-logged,restored,restored,38,38
650,once-logged,restored,restored,39,39
651,once-logged,restored,restored,40,40
652,once-logged,restored,restored,41,41
653,once-logged,restored,restored,42,42
654,once-logged,restored,restored,43,43
655,once-logged,restored,restored,44,44
656,once-logged,restored,restored,45,45
657,once-logged,restored,restored,46,46
658,once-logged,restored,restored,47,47
659,once-logged,restored,restored,48,48
660,once-logged,restored,restored,49,49
661,once-logged,restored,restored,50,50
662,once-logged,restored,restored,51,51
663,once-logged,restored,restored,52,52
664,once-logged,restored,restored,53,53
665,once-logged,restored,restored,54,54
666,once-logged,restored,restored,55,55
667,once-logged,restored,restored,56,56
668,once-logged,restored,restored,57,57
669,once-logged,restored,restored,58,58
670,once-logged,restored,restored,59,59
671,once-logged,restored,restored,60,60
672,once-logged,twice-logged,once-logged,0,0
673,once-logged,twice-logged,twice-logged,1,1
674,once-logged,twice-logged,twice-logged,2,2
675,once-logged,twice-logged,twice-logged,3,3
676,once-logged,twice-logged,twice-logged,4,4
677,once-logged,twice-logged,twice-logged,5,5
678,once-logged,twice-logged,twice-logged,6,6
679,once-logged,twice-logged,twice-logged,7,7
680,once-logged,twice-logged,twice-logged,8,8
681,once-logged,twice-logged,twice-logged,9,9
682,once-logged,twice-logged,twice-logged,10,10
683,once-logged,twice-logged,twice-logged,11,11
684,once-logged,twice-logged,twice-logged,12,12
685,once-logged,twice-logged,twice-logged,13,13
686,once-logged,twice-logged,twice-logged,14,14
687,once-logged,twice-logged,twice-logged,15,15
688,once-logged,twice-logged,twice-logged,16,16
689,once-logged,twice-logged,twice-logged,17,17
690,once-logged,twice-logged,twice-logged,18,18
691,once-logged,twice-logged,twice-logged,19,19
692,once-logged,twice-logged,twice-logged,20,20
693,once-logged,twice-logged,twice-logged,21,21
694,once-logged,twice-logged,twice-logged,22,22
695,once-logged,twice-logged,twice-logged,23,23
696,once-logged,twice-logged,twice-logged,24,24
697,once-logged,twice-logged,twice-logged,25,25
698,once-logged,twice-logged,twice-logged,26,26
699,once-logged,twice-logged,twice-logged,27,27
700,once-logged,twice-logged,twice-logged,28,28
701,once-logged,twice-logged,twice-logged,29,29
702,once-logged,twice-logged,twice-logged,30,30
703,once-logged,twice-logged,twice-logged,31,31
704,once-logged,twice-logged,twice-logged,32,32
705,once-logged,twice-logged,twice-logged,33,33
706,once-logged,twice-logged,twice-logged,34,34
707,once-logged,twice-logged,twice-logged,35,35
708,once-logged,twice-logged,twice-logged,36,36
709,once-logged,twice-logged,twice-logged,37,37
710,once-logged,twice-logged,twice-logged,38,38
711,once-logged,twice-logged,twice-logged,39,39
712,once-logged,twice-logged,twice-logged,40,40
713,once-logged,twice-logged,twice-logged,41,41
714,once-logged,twice-logged,twice-logged,42,42
715,once-logged,twice-logged,twice-logged,43,43
716,once-logged,twice-logged,twice-logged,44,44
717,once-logged,twice-logged,twice-logged,45,45
718,once-logged,twice-logged,twice-logged,46,46
719,once-logged,twice-logged,twice-logged,47,47
720,once-logged,twice-logged,twice-logged,48,48
721,once-logged,twice-logged,twice-logged,49,49
722,once-logged,twice-logged,twice-logged,50,50
723,once-logged,twice-logged,twice-logged,51,51
724,once-logged,twice-logged,twice-logged,52,52
725,once-logged,twice-logged,twice-logged,53,53
726,once-logged,twice-logged,twice-logged,54,54
727,once-logged,twice-logged,twice-logged,55,55
728,once-logged,twice-logged,twice-logged,56,56
729,once-logged,twice-logged,twice-logged,57,57
730,once-logged,twice-logged,twice-logged,58,58
731,once-logged,twice-logged,twice-logged,59,59
732,once-logged,twice-logged,twice-logged,60,60
733,primary,albizia_improved,primary,0,0
734,primary,albizia_improved,albizia_improved,1,1
735,primary,albizia_improved,albizia_improved,2,2
736,primary,albizia_improved,albizia_improved,3,3
737,primary,albizia_improved,albizia_improved,4,4
738,primary,albizia_improved,albizia_improved,5,5
739,primary,albizia_improved,albizia_improved,6,6
740,primary,albizia_improved,albizia_improved,7,7
741,primary,albizia_improved,albizia_improved,8,8
742,primary,albizia_improved,albizia_improved,9,9
743,primary,albizia_improved,albizia_improved,10,10
744,primary,albizia_improved,albizia_improved,11,11
745,primary,albizia_improved,albizia_improved,12,12
746,primary,albizia_improved,albizia_improved,1,13
747,primary,albizia_improved,albizia_improved,2,14
748,primary,albizia_improved,albizia_improved,3,15
749,primary,albizia_improved,albizia_improved,4,16
750,primary,albizia_improved,albizia_improved,5,17
751,primary,albizia_improved,albizia_improved,6,18
752,primary,albizia_improved,albizia_improved,7,19
753,primary,albizia_improved,albizia_improved,8,20
754,primary,albizia_improved,albizia_improved,9,21
755,primary,albizia_improved,albizia_improved,10,22
756,primary,albizia_improved,albizia_improved,11,23
757,primary,albizia_improved,albizia_improved,12,24
758,primary,albizia_improved,albizia_improved,1,25
759,primary,albizia_improved,albizia_improved,2,26
760,primary,albizia_improved,albizia_improved,3,27
761,primary,albizia_improved,albizia_improved,4,28
762,primary,albizia_improved,albizia_improved,5,29
763,primary,albizia_improved,albizia_improved,6,30
764,primary,albizia_improved,albizia_improved,7,31
765,primary,albizia_improved,albizia_improved,8,32
766,primary,albizia_improved,albizia_improved,9,33
767,primary,albizia_improved,albizia_improved,10,34
768,primary,albizia_improved,albizia_improved,11,35
769,primary,albizia_improved,albizia_improved,12,36
770,primary,albizia_improved,albizia_improved,1,37
771,primary,albizia_improved,albizia_improved,2,38
772,primary,albizia_improved,albizia_improved,3,39
773,primary,albizia_improved,albizia_improved,4,40
774,primary,albizia_improved,albizia_improved,5,41
775,primary,albizia_improved,albizia_improved,6,42
776,primary,albizia_improved,albizia_improved,7,43
777,primary,albizia_improved,albizia_improved,8,44
778,primary,albizia_improved,albizia_improved,9,45
779,primary,albizia_improved,albizia_improved,10,46
780,primary,albizia_improved,albizia_improved,11,47
781,primary,albizia_improved,albizia_improved,12,48
782,primary,albizia_improved,albizia_improved,1,49
783,primary,albizia_improved,albizia_improved,2,50
784,primary,albizia_improved,albizia_improved,3,51
785,primary,albizia_improved,albizia_improved,4,52
786,primary,albizia_improved,albizia_improved,5,53
787,primary,albizia_improved,albizia_improved,6,54
788,primary,albizia_improved,albizia_improved,7,55
789,primary,albizia_improved,albizia_improved,8,56
790,primary,albizia_improved,albizia_improved,9,57
791,primary,albizia_improved,albizia_improved,10,58
792,primary,albizia_improved,albizia_improved,11,59
793,primary,albizia_improved,albizia_improved,12,60
794,primary,eucalyptus_current,primary,0,0
795,primary,eucalyptus_current,eucalyptus_current,1,1
796,primary,eucalyptus_current,eucalyptus_current,2,2
797,primary,eucalyptus_current,eucalyptus_current,3,3
798,primary,eucalyptus_current,eucalyptus_current,4,4
799,primary,eucalyptus_current,eucalyptus_current,5,5
800,primary,eucalyptus_current,eucalyptus_current,6,6
801,primary,eucalyptus_current,eucalyptus_current,1,7
802,primary,eucalyptus_current,eucalyptus_current,2,8
803,primary,eucalyptus_current,eucalyptus_current,3,9
804,primary,eucalyptus_current,eucalyptus_current,4,10
805,primary,eucalyptus_current,eucalyptus_current,5,11
806,primary,eucalyptus_current,eucalyptus_current,6,12
807,primary,eucalyptus_current,eucalyptus_current,1,13
808,primary,eucalyptus_current,eucalyptus_current,2,14
809,primary,eucalyptus_current,eucalyptus_current,3,15
810,primary,eucalyptus_current,eucalyptus_current,4,16
811,primary,eucalyptus_current,eucalyptus_current,5,17
812,primary,eucalyptus_current,eucalyptus_current,6,18
813,primary,eucalyptus_current,eucalyptus_current,1,19
814,primary,eucalyptus_current,eucalyptus_current,2,20
815,primary,eucalyptus_current,eucalyptus_current,3,21
816,primary,eucalyptus_current,eucalyptus_current,4,22
817,primary,eucalyptus_current,eucalyptus_current,5,23
818,primary,eucalyptus_current,eucalyptus_current,6,24
819,primary,eucalyptus_current,eucalyptus_current,1,25
820,primary,eucalyptus_current,eucalyptus_current,2,26
821,primary,eucalyptus_current,eucalyptus_current,3,27
822,primary,eucalyptus_current,eucalyptus_current,4,28
823,primary,eucalyptus_current,eucalyptus_current,5,29
824,primary,eucalyptus_current,eucalyptus_current,6,30
825,primary,eucalyptus_current,eucalyptus_current,1,31
826,primary,eucalyptus_current,eucalyptus_current,2,32
827,primary,eucalyptus_current,eucalyptus_current,3,33
828,primary,eucalyptus_current,eucalyptus_current,4,34
829,primary,eucalyptus_current,eucalyptus_current,5,35
830,primary,eucalyptus_current,eucalyptus_current,6,36
831,primary,eucalyptus_current,eucalyptus_current,1,37
832,primary,eucalyptus_current,eucalyptus_current,2,38
833,primary,eucalyptus_current,eucalyptus_current,3,39
834,primary,eucalyptus_current,eucalyptus_current,4,40
835,primary,eucalyptus_current,eucalyptus_current,5,41
836,primary,eucalyptus_current,eucalyptus_current,6,42
837,primary,eucalyptus_current,eucalyptus_current,1,43
838,primary,eucalyptus_current,eucalyptus_current,2,44
839,primary,eucalyptus_current,eucalyptus_current,3,45
840,primary,eucalyptus_current,eucalyptus_current,4,46
841,primary,eucalyptus_current,eucalyptus_current,5,47
842,primary,eucalyptus_current,eucalyptus_current,6,48
843,primary,eucalyptus_current,eucalyptus_current,1,49
844,primary,eucalyptus_current,eucalyptus_current,2,50
845,primary,eucalyptus_current,eucalyptus_current,3,51
846,primary,eucalyptus_current,eucalyptus_current,4,52
847,primary,eucalyptus_current,eucalyptus_current,5,53
848,primary,eucalyptus_current,eucalyptus_current,6,54
849,primary,eucalyptus_current,eucalyptus_current,1,55
850,primary,eucalyptus_current,eucalyptus_current,2,56
851,primary,eucalyptus_current,eucalyptus_current,3,57
852,primary,eucalyptus_current,eucalyptus_current,4,58
853,primary,eucalyptus_current,eucalyptus_current,5,59
854,primary,eucalyptus_current,eucalyptus_current,6,60
855,primary,eucalyptus_improved,primary,0,0
856,primary,eucalyptus_improved,eucalyptus_improved,1,1
857,primary,eucalyptus_improved,eucalyptus_improved,2,2
858,primary,eucalyptus_improved,eucalyptus_improved,3,3
859,primary,eucalyptus_improved,eucalyptus_improved,4,4
860,primary,eucalyptus_improved,eucalyptus_improved,5,5
861,primary,eucalyptus_improved,eucalyptus_improved,6,6
862,primary,eucalyptus_improved,eucalyptus_improved,1,7
863,primary,eucalyptus_improved,eucalyptus_improved,2,8
864,primary,eucalyptus_improved,eucalyptus_improved,3,9
865,primary,eucalyptus_improved,eucalyptus_improved,4,10
866,primary,eucalyptus_improved,eucalyptus_improved,5,11
867,primary,eucalyptus_improved,eucalyptus_improved,6,12
868,primary,eucalyptus_improved,eucalyptus_improved,1,13
869,primary,eucalyptus_improved,eucalyptus_improved,2,14
870,primary,eucalyptus_improved,eucalyptus_improved,3,15
871,primary,eucalyptus_improved,eucalyptus_improved,4,16
872,primary,eucalyptus_improved,eucalyptus_improved,5,17
873,primary,eucalyptus_improved,eucalyptus_improved,6,18
874,primary,eucalyptus_improved,eucalyptus_improved,1,19
875,primary,eucalyptus_improved,eucalyptus_improved,2,20
876,primary,eucalyptus_improved,eucalyptus_improved,3,21
877,primary,eucalyptus_improved,eucalyptus_improved,4,22
878,primary,eucalyptus_improved,eucalyptus_improved,5,23
879,primary,eucalyptus_improved,eucalyptus_improved,6,24
880,primary,eucalyptus_improved,eucalyptus_improved,1,25
881,primary,eucalyptus_improved,eucalyptus_improved,2,26
882,primary,eucalyptus_improved,eucalyptus_improved,3,27
883,primary,eucalyptus_improved,eucalyptus_improved,4,28
884,primary,eucalyptus_improved,eucalyptus_improved,5,29
885,primary,eucalyptus_improved,eucalyptus_improved,6,30
886,primary,eucalyptus_improved,eucalyptus_improved,1,31
887,primary,eucalyptus_improved,eucalyptus_improved,2,32
888,primary,eucalyptus_improved,eucalyptus_improved,3,33
889,primary,eucalyptus_improved,eucalyptus_improved,4,34
890,primary,eucalyptus_improved,eucalyptus_improved,5,35
891,primary,eucalyptus_improved,eucalyptus_improved,6,36
892,primary,eucalyptus_improved,eucalyptus_improved,1,37
893,primary,eucalyptus_improved,eucalyptus_improved,2,38
894,primary,eucalyptus_improved,eucalyptus_improved,3,39
895,primary,eucalyptus_improved,eucalyptus_improved,4,40
896,primary,eucalyptus_improved,eucalyptus_improved,5,41
897,primary,eucalyptus_improved,eucalyptus_improved,6,42
898,primary,eucalyptus_improved,eucalyptus_improved,1,43
899,primary,eucalyptus_improved,eucalyptus_improved,2,44
900,primary,eucalyptus_improved,eucalyptus_improved,3,45
901,primary,eucalyptus_improved,eucalyptus_improved,4,46
902,primary,eucalyptus_improved,eucalyptus_improved,5,47
903,primary,eucalyptus_improved,eucalyptus_improved,6,48
904,primary,eucalyptus_improved,eucalyptus_improved,1,49
905,primary,eucalyptus_improved,eucalyptus_improved,2,50
906,primary,eucalyptus_improved,eucalyptus_improved,3,51
907,primary,eucalyptus_improved,eucalyptus_improved,4,52
908,primary,eucalyptus_improved,eucalyptus_improved,5,53
909,primary,eucalyptus_improved,eucalyptus_improved,6,54
910,primary,eucalyptus_improved,eucalyptus_improved,1,55
911,primary,eucalyptus_improved,eucalyptus_improved,2,56
912,primary,eucalyptus_improved,eucalyptus_improved,3,57
913,primary,eucalyptus_improved,eucalyptus_improved,4,58
914,primary,eucalyptus_improved,eucalyptus_improved,5,59
915,primary,eucalyptus_improved,eucalyptus_improved,6,60
916,primary,once-logged,primary,0,0
917,primary,once-logged,once-logged,1,1
918,primary,once-logged,once-logged,2,2
919,primary,once-logged,once-logged,3,3
920,primary,once-logged,once-logged,4,4
921,primary,once-logged,once-logged,5,5
922,primary,once-logged,once-logged,6,6
923,primary,once-logged,once-logged,7,7
924,primary,once-logged,once-logged,8,8
925,primary,once-logged,once-logged,9,9
926,primary,once-logged,once-logged,10,10
927,primary,once-logged,once-logged,11,11
928,primary,once-logged,once-logged,12,12
929,primary,once-logged,once-logged,13,13
930,primary,once-logged,once-logged,14,14
931,primary,once-logged,once-logged,15,15
932,primary,once-logged,once-logged,16,16
933,primary,once-logged,once-logged,17,17
934,primary,once-logged,once-logged,18,18
935,primary,once-logged,once-logged,19,19
936,primary,once-logged,once-logged,20,20
937,primary,once-logged,once-logged,21,21
938,primary,once-logged,once-logged,22,22
939,primary,once-logged,once-logged,23,23
940,primary,once-logged,once-logged,24,24
941,primary,once-logged,once-logged,25,25
942,primary,once-logged,once-logged,26,26
943,primary,once-logged,once-logged,27,27
944,primary,once-logged,once-logged,28,28
945,primary,once-logged,once-logged,29,29
946,primary,once-logged,once-logged,30,30
947,primary,once-logged,once-logged,31,31
948,primary,once-logged,once-logged,32,32
949,primary,once-logged,once-logged,33,33
950,primary,once-logged,once-logged,34,34
951,primary,once-logged,once-logged,35,35
952,primary,once-logged,once-logged,36,36
953,primary,once-logged,once-logged,37,37
954,primary,once-logged,once-logged,38,38
955,primary,once-logged,once-logged,39,39
956,primary,once-logged,once-logged,40,40
957,primary,once-logged,once-logged,41,41
958,primary,once-logged,once-logged,42,42
959,primary,once-logged,once-logged,43,43
960,primary,once-logged,once-logged,44,44
961,primary,once-logged,once-logged,45,45
962,primary,once-logged,once-logged,46,46
963,primary,once-logged,once-logged,47,47
964,primary,once-logged,once-logged,48,48
965,primary,once-logged,once-logged,49,49
966,primary,once-logged,once-logged,50,50
967,primary,once-logged,once-logged,51,51
968,primary,once-logged,once-logged,52,52
969,primary,once-logged,once-logged,53,53
970,primary,once-logged,once-logged,54,54
971,primary,once-logged,once-logged,55,55
972,primary,once-logged,once-logged,56,56
973,primary,once-logged,once-logged,57,57
974,primary,once-logged,once-logged,58,58
975,primary,once-logged,once-logged,59,59
976,primary,once-logged,once-logged,60,60
977,primary,primary,primary,0,0
978,primary,primary,primary,1,1
979,primary,primary,primary,2,2
980,primary,primary,primary,3,3
981,primary,primary,primary,4,4
982,primary,primary,primary,5,5
983,primary,primary,primary,6,6
984,primary,primary,primary,7,7
985,primary,primary,primary,8,8
986,primary,primary,primary,9,9
987,primary,primary,primary,10,10
988,primary,primary,primary,11,11
989,primary,primary,primary,12,12
990,primary,primary,primary,13,13
991,primary,primary,primary,14,14
992,primary,primary,primary,15,15
993,primary,primary,primary,16,16
994,primary,primary,primary,17,17
995,primary,primary,primary,18,18
996,primary,primary,primary,19,19
997,primary,primary,primary,20,20
998,primary,primary,primary,21,21
999,primary,primary,primary,22,22
1000,primary,primary,primary,23,23
1001,primary,primary,primary,24,24
1002,primary,primary,primary,25,25
1003,primary,primary,primary,26,26
1004,primary,primary,primary,27,27
1005,primary,primary,primary,28,28
1006,primary,primary,primary,29,29
1007,primary,primary,primary,30,30
1008,primary,primary,primary,31,31
1009,primary,primary,primary,32,32
1010,primary,primary,primary,33,33
1011,primary,primary,primary,34,34
1012,primary,primary,primary,35,35
1013,primary,primary,primary,36,36
1014,primary,primary,primary,37,37
1015,primary,primary,primary,38,38
1016,primary,primary,primary,39,39
1017,primary,primary,primary,40,40
1018,primary,primary,primary,41,41
1019,primary,primary,primary,42,42
1020,primary,primary,primary,43,43
1021,primary,primary,primary,44,44
1022,primary,primary,primary,45,45
1023,primary,primary,primary,46,46
1024,primary,primary,primary,47,47
1025,primary,primary,primary,48,48
1026,primary,primary,primary,49,49
1027,primary,primary,primary,50,50
1028,primary,primary,primary,51,51
1029,primary,primary,primary,52,52
1030,primary,primary,primary,53,53
1031,primary,primary,primary,54,54
1032,primary,primary,primary,55,55
1033,primary,primary,primary,56,56
1034,primary,primary,primary,57,57
1035,primary,primary,primary,58,58
1036,primary,primary,primary,59,59
1037,primary,primary,primary,60,60
1038,primary,albizia_current,primary,0,0
1039,primary,albizia_current,albizia_current,1,1
1040,primary,albizia_current,albizia_current,2,2
1041,primary,albizia_current,albizia_current,3,3
1042,primary,albizia_current,albizia_current,4,4
1043,primary,albizia_current,albizia_current,5,5
1044,primary,albizia_current,albizia_current,6,6
1045,primary,albizia_current,albizia_current,7,7
1046,primary,albizia_current,albizia_current,8,8
1047,primary,albizia_current,albizia_current,9,9
1048,primary,albizia_current,albizia_current,10,10
1049,primary,albizia_current,albizia_current,11,11
1050,primary,albizia_current,albizia_current,12,12
1051,primary,albizia_current,albizia_current,1,13
1052,primary,albizia_current,albizia_current,2,14
1053,primary,albizia_current,albizia_current,3,15
1054,primary,albizia_current,albizia_current,4,16
1055,primary,albizia_current,albizia_current,5,17
1056,primary,albizia_current,albizia_current,6,18
1057,primary,albizia_current,albizia_current,7,19
1058,primary,albizia_current,albizia_current,8,20
1059,primary,albizia_current,albizia_current,9,21
1060,primary,albizia_current,albizia_current,10,22
1061,primary,albizia_current,albizia_current,11,23
1062,primary,albizia_current,albizia_current,12,24
1063,primary,albizia_current,albizia_current,1,25
1064,primary,albizia_current,albizia_current,2,26
1065,primary,albizia_current,albizia_current,3,27
1066,primary,albizia_current,albizia_current,4,28
1067,primary,albizia_current,albizia_current,5,29
1068,primary,albizia_current,albizia_current,6,30
1069,primary,albizia_current,albizia_current,7,31
1070,primary,albizia_current,albizia_current,8,32
1071,primary,albizia_current,albizia_current,9,33
1072,primary,albizia_current,albizia_current,10,34
1073,primary,albizia_current,albizia_current,11,35
1074,primary,albizia_current,albizia_current,12,36
1075,primary,albizia_current,albizia_current,1,37
1076,primary,albizia_current,albizia_current,2,38
1077,primary,albizia_current,albizia_current,3,39
1078,primary,albizia_current,albizia_current,4,40
1079,primary,albizia_current,albizia_current,5,41
1080,primary,albizia_current,albizia_current,6,42
1081,primary,albizia_current,albizia_current,7,43
1082,primary,albizia_current,albizia_current,8,44
1083,primary,albizia_current,albizia_current,9,45
1084,primary,albizia_current,albizia_current,10,46
1085,primary,albizia_current,albizia_current,11,47
1086,primary,albizia_current,albizia_current,12,48
1087,primary,albizia_current,albizia_current,1,49
1088,primary,albizia_current,albizia_current,2,50
1089,primary,albizia_current,albizia_current,3,51
1090,primary,albizia_current,albizia_current,4,52
1091,primary,albizia_current,albizia_current,5,53
1092,primary,albizia_current,albizia_current,6,54
1093,primary,albizia_current,albizia_current,7,55
1094,primary,albizia_current,albizia_current,8,56
1095,primary,albizia_current,albizia_current,9,57
1096,primary,albizia_current,albizia_current,10,58
1097,primary,albizia_current,albizia_current,11,59
1098,primary,albizia_current,albizia_current,12,60
1099,primary,restored,primary,0,0
1100,primary,restored,restored,1,1
1101,primary,restored,restored,2,2
1102,primary,restored,restored,3,3
1103,primary,restored,restored,4,4
1104,primary,restored,restored,5,5
1105,primary,restored,restored,6,6
1106,primary,restored,restored,7,7
1107,primary,restored,restored,8,8
1108,primary,restored,restored,9,9
1109,primary,restored,restored,10,10
1110,primary,restored,restored,11,11
1111,primary,restored,restored,12,12
1112,primary,restored,restored,13,13
1113,primary,restored,restored,14,14
1114,primary,restored,restored,15,15
1115,primary,restored,restored,16,16
1116,primary,restored,restored,17,17
1117,primary,restored,restored,18,18
1118,primary,restored,restored,19,19
1119,primary,restored,restored,20,20
1120,primary,restored,restored,21,21
1121,primary,restored,restored,22,22
1122,primary,restored,restored,23,23
1123,primary,restored,restored,24,24
1124,primary,restored,restored,25,25
1125,primary,restored,restored,26,26
1126,primary,restored,restored,27,27
1127,primary,restored,restored,28,28
1128,primary,restored,restored,29,29
1129,primary,restored,restored,30,30
1130,primary,restored,restored,31,31
1131,primary,restored,restored,32,32
1132,primary,restored,restored,33,33
1133,primary,restored,restored,34,34
1134,primary,restored,restored,35,35
1135,primary,restored,restored,36,36
1136,primary,restored,restored,37,37
1137,primary,restored,restored,38,38
1138,primary,restored,restored,39,39
1139,primary,restored,restored,40,40
1140,primary,restored,restored,41,41
1141,primary,restored,restored,42,42
1142,primary,restored,restored,43,43
1143,primary,restored,restored,44,44
1144,primary,restored,restored,45,45
1145,primary,restored,restored,46,46
1146,primary,restored,restored,47,47
1147,primary,restored,restored,48,48
1148,primary,restored,restored,49,49
1149,primary,restored,restored,50,50
1150,primary,restored,restored,51,51
1151,primary,restored,restored,52,52
1152,primary,restored,restored,53,53
1153,primary,restored,restored,54,54
1154,primary,restored,restored,55,55
1155,primary,restored,restored,56,56
1156,primary,restored,restored,57,57
1157,primary,restored,restored,58,58
1158,primary,restored,restored,59,59
1159,primary,restored,restored,60,60
1160,primary,twice-logged,primary,0,0
1161,primary,twice-logged,once-logged,1,1
1162,primary,twice-logged,once-logged,2,2
1163,primary,twice-logged,once-logged,3,3
1164,primary,twice-logged,once-logged,4,4
1165,primary,twice-logged,once-logged,5,5
1166,primary,twice-logged,once-logged,6,6
1167,primary,twice-logged,once-logged,7,7
1168,primary,twice-logged,once-logged,8,8
1169,primary,twice-logged,once-logged,9,9
1170,primary,twice-logged,once-logged,10,10
1171,primary,twice-logged,once-logged,11,11
1172,primary,twice-logged,once-logged,12,12
1173,primary,twice-logged,once-logged,13,13
1174,primary,twice-logged,once-logged,14,14
1175,primary,twice-logged,once-logged,15,15
1176,primary,twice-logged,once-logged,16,16
1177,primary,twice-logged,once-logged,17,17
1178,primary,twice-logged,once-logged,18,18
1179,primary,twice-logged,once-logged,19,19
1180,primary,twice-logged,once-logged,20,20
1181,primary,twice-logged,once-logged,21,21
1182,primary,twice-logged,once-logged,22,22
1183,primary,twice-logged,once-logged,23,23
1184,primary,twice-logged,once-logged,24,24
1185,primary,twice-logged,once-logged,25,25
1186,primary,twice-logged,once-logged,26,26
1187,primary,twice-logged,once-logged,27,27
1188,primary,twice-logged,once-logged,28,28
1189,primary,twice-logged,once-logged,29,29
1190,primary,twice-logged,once-logged,30,30
1191,primary,twice-logged,twice-logged,1,31
1192,primary,twice-logged,twice-logged,2,32
1193,primary,twice-logged,twice-logged,3,33
1194,primary,twice-logged,twice-logged,4,34
1195,primary,twice-logged,twice-logged,5,35
1196,primary,twice-logged,twice-logged,6,36
1197,primary,twice-logged,twice-logged,7,37
1198,primary,twice-logged,twice-logged,8,38
1199,primary,twice-logged,twice-logged,9,39
1200,primary,twice-logged,twice-logged,10,40
1201,primary,twice-logged,twice-logged,11,41
1202,primary,twice-logged,twice-logged,12,42
1203,primary,twice-logged,twice-logged,13,43
1204,primary,twice-logged,twice-logged,14,44
1205,primary,twice-logged,twice-logged,15,45
1206,primary,twice-logged,twice-logged,16,46
1207,primary,twice-logged,twice-logged,17,47
1208,primary,twice-logged,twice-logged,18,48
1209,primary,twice-logged,twice-logged,19,49
1210,primary,twice-logged,twice-logged,20,50
1211,primary,twice-logged,twice-logged,21,51
1212,primary,twice-logged,twice-logged,22,52
1213,primary,twice-logged,twice-logged,23,53
1214,primary,twice-logged,twice-logged,24,54
1215,primary,twice-logged,twice-logged,25,55
1216,primary,twice-logged,twice-logged,26,56
1217,primary,twice-logged,twice-logged,27,57
1218,primary,twice-logged,twice-logged,28,58
1219,primary,twice-logged,twice-logged,29,59
1220,primary,twice-logged,twice-logged,30,60
1221,restored,albizia_current,restored,0,0
1222,restored,albizia_current,albizia_current,1,1
1223,restored,albizia_current,albizia_current,2,2
1224,restored,albizia_current,albizia_current,3,3
1225,restored,albizia_current,albizia_current,4,4
1226,restored,albizia_current,albizia_current,5,5
1227,restored,albizia_current,albizia_current,6,6
1228,restored,albizia_current,albizia_current,7,7
1229,restored,albizia_current,albizia_current,8,8
1230,restored,albizia_current,albizia_current,9,9
1231,restored,albizia_current,albizia_current,10,10
1232,restored,albizia_current,albizia_current,11,11
1233,restored,albizia_current,albizia_current,12,12
1234,restored,albizia_current,albizia_current,1,13
1235,restored,albizia_current,albizia_current,2,14
1236,restored,albizia_current,albizia_current,3,15
1237,restored,albizia_current,albizia_current,4,16
1238,restored,albizia_current,albizia_current,5,17
1239,restored,albizia_current,albizia_current,6,18
1240,restored,albizia_current,albizia_current,7,19
1241,restored,albizia_current,albizia_current,8,20
1242,restored,albizia_current,albizia_current,9,21
1243,restored,albizia_current,albizia_current,10,22
1244,restored,albizia_current,albizia_current,11,23
1245,restored,albizia_current,albizia_current,12,24
1246,restored,albizia_current,albizia_current,1,25
1247,restored,albizia_current,albizia_current,2,26
1248,restored,albizia_current,albizia_current,3,27
1249,restored,albizia_current,albizia_current,4,28
1250,restored,albizia_current,albizia_current,5,29
1251,restored,albizia_current,albizia_current,6,30
1252,restored,albizia_current,albizia_current,7,31
1253,restored,albizia_current,albizia_current,8,32
1254,restored,albizia_current,albizia_current,9,33
1255,restored,albizia_current,albizia_current,10,34
1256,restored,albizia_current,albizia_current,11,35
1257,restored,albizia_current,albizia_current,12,36
1258,restored,albizia_current,albizia_current,1,37
1259,restored,albizia_current,albizia_current,2,38
1260,restored,albizia_current,albizia_current,3,39
1261,restored,albizia_current,albizia_current,4,40
1262,restored,albizia_current,albizia_current,5,41
1263,restored,albizia_current,albizia_current,6,42
1264,restored,albizia_current,albizia_current,7,43
1265,restored,albizia_current,albizia_current,8,44
1266,restored,albizia_current,albizia_current,9,45
1267,restored,albizia_current,albizia_current,10,46
1268,restored,albizia_current,albizia_current,11,47
1269,restored,albizia_current,albizia_current,12,48
1270,restored,albizia_current,albizia_current,1,49
1271,restored,albizia_current,albizia_current,2,50
1272,restored,albizia_current,albizia_current,3,51
1273,restored,albizia_current,albizia_current,4,52
1274,restored,albizia_current,albizia_current,5,53
1275,restored,albizia_current,albizia_current,6,54
1276,restored,albizia_current,albizia_current,7,55
1277,restored,albizia_current,albizia_current,8,56
1278,restored,albizia_current,albizia_current,9,57
1279,restored,albizia_current,albizia_current,10,58
1280,restored,albizia_current,albizia_current,11,59
1281,restored,albizia_current,albizia_current,12,60
1282,restored,albizia_improved,restored,0,0
1283,restored,albizia_improved,albizia_improved,1,1
1284,restored,albizia_improved,albizia_improved,2,2
1285,restored,albizia_improved,albizia_improved,3,3
1286,restored,albizia_improved,albizia_improved,4,4
1287,restored,albizia_improved,albizia_improved,5,5
1288,restored,albizia_improved,albizia_improved,6,6
1289,restored,albizia_improved,albizia_improved,7,7
1290,restored,albizia_improved,albizia_improved,8,8
1291,restored,albizia_improved,albizia_improved,9,9
1292,restored,albizia_improved,albizia_improved,10,10
1293,restored,albizia_improved,albizia_improved,11,11
1294,restored,albizia_improved,albizia_improved,12,12
1295,restored,albizia_improved,albizia_improved,1,13
1296,restored,albizia_improved,albizia_improved,2,14
1297,restored,albizia_improved,albizia_improved,3,15
1298,restored,albizia_improved,albizia_improved,4,16
1299,restored,albizia_improved,albizia_improved,5,17
1300,restored,albizia_improved,albizia_improved,6,18
1301,restored,albizia_improved,albizia_improved,7,19
1302,restored,albizia_improved,albizia_improved,8,20
1303,restored,albizia_improved,albizia_improved,9,21
1304,restored,albizia_improved,albizia_improved,10,22
1305,restored,albizia_improved,albizia_improved,11,23
1306,restored,albizia_improved,albizia_improved,12,24
1307,restored,albizia_improved,albizia_improved,1,25
1308,restored,albizia_improved,albizia_improved,2,26
1309,restored,albizia_improved,albizia_improved,3,27
1310,restored,albizia_improved,albizia_improved,4,28
1311,restored,albizia_improved,albizia_improved,5,29
1312,restored,albizia_improved,albizia_improved,6,30
1313,restored,albizia_improved,albizia_improved,7,31
1314,restored,albizia_improved,albizia_improved,8,32
1315,restored,albizia_improved,albizia_improved,9,33
1316,restored,albizia_improved,albizia_improved,10,34
1317,restored,albizia_improved,albizia_improved,11,35
1318,restored,albizia_improved,albizia_improved,12,36
1319,restored,albizia_improved,albizia_improved,1,37
1320,restored,albizia_improved,albizia_improved,2,38
1321,restored,albizia_improved,albizia_improved,3,39
1322,restored,albizia_improved,albizia_improved,4,40
1323,restored,albizia_improved,albizia_improved,5,41
1324,restored,albizia_improved,albizia_improved,6,42
1325,restored,albizia_improved,albizia_improved,7,43
1326,restored,albizia_improved,albizia_improved,8,44
1327,restored,albizia_improved,albizia_improved,9,45
1328,restored,albizia_improved,albizia_improved,10,46
1329,restored,albizia_improved,albizia_improved,11,47
1330,restored,albizia_improved,albizia_improved,12,48
1331,restored,albizia_improved,albizia_improved,1,49
1332,restored,albizia_improved,albizia_improved,2,50
1333,restored,albizia_improved,albizia_improved,3,51
1334,restored,albizia_improved,albizia_improved,4,52
1335,restored,albizia_improved,albizia_improved,5,53
1336,restored,albizia_improved,albizia_improved,6,54
1337,restored,albizia_improved,albizia_improved,7,55
1338,restored,albizia_improved,albizia_improved,8,56
1339,restored,albizia_improved,albizia_improved,9,57
1340,restored,albizia_improved,albizia_improved,10,58
1341,restored,albizia_improved,albizia_improved,11,59
1342,restored,albizia_improved,albizia_improved,12,60
1343,restored,eucalyptus_current,restored,0,0
1344,restored,eucalyptus_current,eucalyptus_current,1,1
1345,restored,eucalyptus_current,eucalyptus_current,2,2
1346,restored,eucalyptus_current,eucalyptus_current,3,3
1347,restored,eucalyptus_current,eucalyptus_current,4,4
1348,restored,eucalyptus_current,eucalyptus_current,5,5
1349,restored,eucalyptus_current,eucalyptus_current,6,6
1350,restored,eucalyptus_current,eucalyptus_current,1,7
1351,restored,eucalyptus_current,eucalyptus_current,2,8
1352,restored,eucalyptus_current,eucalyptus_current,3,9
1353,restored,eucalyptus_current,eucalyptus_current,4,10
1354,restored,eucalyptus_current,eucalyptus_current,5,11
1355,restored,eucalyptus_current,eucalyptus_current,6,12
1356,restored,eucalyptus_current,eucalyptus_current,1,13
1357,restored,eucalyptus_current,eucalyptus_current,2,14
1358,restored,eucalyptus_current,eucalyptus_current,3,15
1359,restored,eucalyptus_current,eucalyptus_current,4,16
1360,restored,eucalyptus_current,eucalyptus_current,5,17
1361,restored,eucalyptus_current,eucalyptus_current,6,18
1362,restored,eucalyptus_current,eucalyptus_current,1,19
1363,restored,eucalyptus_current,eucalyptus_current,2,20
1364,restored,eucalyptus_current,eucalyptus_current,3,21
1365,restored,eucalyptus_current,eucalyptus_current,4,22
1366,restored,eucalyptus_current,eucalyptus_current,5,23
1367,restored,eucalyptus_current,eucalyptus_current,6,24
1368,restored,eucalyptus_current,eucalyptus_current,1,25
1369,restored,eucalyptus_current,eucalyptus_current,2,26
1370,restored,eucalyptus_current,eucalyptus_current,3,27
1371,restored,eucalyptus_current,eucalyptus_current,4,28
1372,restored,eucalyptus_current,eucalyptus_current,5,29
1373,restored,eucalyptus_current,eucalyptus_current,6,30
1374,restored,eucalyptus_current,eucalyptus_current,1,31
1375,restored,eucalyptus_current,eucalyptus_current,2,32
1376,restored,eucalyptus_current,eucalyptus_current,3,33
1377,restored,eucalyptus_current,eucalyptus_current,4,34
1378,restored,eucalyptus_current,eucalyptus_current,5,35
1379,restored,eucalyptus_current,eucalyptus_current,6,36
1380,restored,eucalyptus_current,eucalyptus_current,1,37
1381,restored,eucalyptus_current,eucalyptus_current,2,38
1382,restored,eucalyptus_current,eucalyptus_current,3,39
1383,restored,eucalyptus_current,eucalyptus_current,4,40
1384,restored,eucalyptus_current,eucalyptus_current,5,41
1385,restored,eucalyptus_current,eucalyptus_current,6,42
1386,restored,eucalyptus_current,eucalyptus_current,1,43
1387,restored,eucalyptus_current,eucalyptus_current,2,44
1388,restored,eucalyptus_current,eucalyptus_current,3,45
1389,restored,eucalyptus_current,eucalyptus_current,4,46
1390,restored,eucalyptus_current,eucalyptus_current,5,47
1391,restored,eucalyptus_current,eucalyptus_current,6,48
1392,restored,eucalyptus_current,eucalyptus_current,1,49
1393,restored,eucalyptus_current,eucalyptus_current,2,50
1394,restored,eucalyptus_current,eucalyptus_current,3,51
1395,restored,eucalyptus_current,eucalyptus_current,4,52
1396,restored,eucalyptus_current,eucalyptus_current,5,53
1397,restored,eucalyptus_current,eucalyptus_current,6,54
1398,restored,eucalyptus_current,eucalyptus_current,1,55
1399,restored,eucalyptus_current,eucalyptus_current,2,56
1400,restored,eucalyptus_current,eucalyptus_current,3,57
1401,restored,eucalyptus_current,eucalyptus_current,4,58
1402,restored,eucalyptus_current,eucalyptus_current,5,59
1403,restored,eucalyptus_current,eucalyptus_current,6,60
1404,restored,eucalyptus_improved,restored,0,0
1405,restored,eucalyptus_improved,eucalyptus_improved,1,1
1406,restored,eucalyptus_improved,eucalyptus_improved,2,2
1407,restored,eucalyptus_improved,eucalyptus_improved,3,3
1408,restored,eucalyptus_improved,eucalyptus_improved,4,4
1409,restored,eucalyptus_improved,eucalyptus_improved,5,5
1410,restored,eucalyptus_improved,eucalyptus_improved,6,6
1411,restored,eucalyptus_improved,eucalyptus_improved,1,7
1412,restored,eucalyptus_improved,eucalyptus_improved,2,8
1413,restored,eucalyptus_improved,eucalyptus_improved,3,9
1414,restored,eucalyptus_improved,eucalyptus_improved,4,10
1415,restored,eucalyptus_improved,eucalyptus_improved,5,11
1416,restored,eucalyptus_improved,eucalyptus_improved,6,12
1417,restored,eucalyptus_improved,eucalyptus_improved,1,13
1418,restored,eucalyptus_improved,eucalyptus_improved,2,14
1419,restored,eucalyptus_improved,eucalyptus_improved,3,15
1420,restored,eucalyptus_improved,eucalyptus_improved,4,16
1421,restored,eucalyptus_improved,eucalyptus_improved,5,17
1422,restored,eucalyptus_improved,eucalyptus_improved,6,18
1423,restored,eucalyptus_improved,eucalyptus_improved,1,19
1424,restored,eucalyptus_improved,eucalyptus_improved,2,20
1425,restored,eucalyptus_improved,eucalyptus_improved,3,21
1426,restored,eucalyptus_improved,eucalyptus_improved,4,22
1427,restored,eucalyptus_improved,eucalyptus_improved,5,23
1428,restored,eucalyptus_improved,eucalyptus_improved,6,24
1429,restored,eucalyptus_improved,eucalyptus_improved,1,25
1430,restored,eucalyptus_improved,eucalyptus_improved,2,26
1431,restored,eucalyptus_improved,eucalyptus_improved,3,27
1432,restored,eucalyptus_improved,eucalyptus_improved,4,28
1433,restored,eucalyptus_improved,eucalyptus_improved,5,29
1434,restored,eucalyptus_improved,eucalyptus_improved,6,30
1435,restored,eucalyptus_improved,eucalyptus_improved,1,31
1436,restored,eucalyptus_improved,eucalyptus_improved,2,32
1437,restored,eucalyptus_improved,eucalyptus_improved,3,33
1438,restored,eucalyptus_improved,eucalyptus_improved,4,34
1439,restored,eucalyptus_improved,eucalyptus_improved,5,35
1440,restored,eucalyptus_improved,eucalyptus_improved,6,36
1441,restored,eucalyptus_improved,eucalyptus_improved,1,37
1442,restored,eucalyptus_improved,eucalyptus_improved,2,38
1443,restored,eucalyptus_improved,eucalyptus_improved,3,39
1444,restored,eucalyptus_improved,eucalyptus_improved,4,40
1445,restored,eucalyptus_improved,eucalyptus_improved,5,41
1446,restored,eucalyptus_improved,eucalyptus_improved,6,42
1447,restored,eucalyptus_improved,eucalyptus_improved,1,43
1448,restored,eucalyptus_improved,eucalyptus_improved,2,44
1449,restored,eucalyptus_improved,eucalyptus_improved,3,45
1450,restored,eucalyptus_improved,eucalyptus_improved,4,46
1451,restored,eucalyptus_improved,eucalyptus_improved,5,47
1452,restored,eucalyptus_improved,eucalyptus_improved,6,48
1453,restored,eucalyptus_improved,eucalyptus_improved,1,49
1454,restored,eucalyptus_improved,eucalyptus_improved,2,50
1455,restored,eucalyptus_improved,eucalyptus_improved,3,51
1456,restored,eucalyptus_improved,eucalyptus_improved,4,52
1457,restored,eucalyptus_improved,eucalyptus_improved,5,53
1458,restored,eucalyptus_improved,eucalyptus_improved,6,54
1459,restored,eucalyptus_improved,eucalyptus_improved,1,55
1460,restored,eucalyptus_improved,eucalyptus_improved,2,56
1461,restored,eucalyptus_improved,eucalyptus_improved,3,57
1462,restored,eucalyptus_improved,eucalyptus_improved,4,58
1463,restored,eucalyptus_improved,eucalyptus_improved,5,59
1464,restored,eucalyptus_improved,eucalyptus_improved,6,60
1465,restored,restored,restored,0,0
1466,restored,restored,restored,1,1
1467,restored,restored,restored,2,2
1468,restored,restored,restored,3,3
1469,restored,restored,restored,4,4
1470,restored,restored,restored,5,5
1471,restored,restored,restored,6,6
1472,restored,restored,restored,7,7
1473,restored,restored,restored,8,8
1474,restored,restored,restored,9,9
1475,restored,restored,restored,10,10
1476,restored,restored,restored,11,11
1477,restored,restored,restored,12,12
1478,restored,restored,restored,13,13
1479,restored,restored,restored,14,14
1480,restored,restored,restored,15,15
1481,restored,restored,restored,16,16
1482,restored,restored,restored,17,17
1483,restored,restored,restored,18,18
1484,restored,restored,restored,19,19
1485,restored,restored,restored,20,20
1486,restored,restored,restored,21,21
1487,restored,restored,restored,22,22
1488,restored,restored,restored,23,23
1489,restored,restored,restored,24,24
1490,restored,restored,restored,25,25
1491,restored,restored,restored,26,26
1492,restored,restored,restored,27,27
1493,restored,restored,restored,28,28
1494,restored,restored,restored,29,29
1495,restored,restored,restored,30,30
1496,restored,restored,restored,31,31
1497,restored,restored,restored,32,32
1498,restored,restored,restored,33,33
1499,restored,restored,restored,34,34
1500,restored,restored,restored,35,35
1501,restored,restored,restored,36,36
1502,restored,restored,restored,37,37
1503,restored,restored,restored,38,38
1504,restored,restored,restored,39,39
1505,restored,restored,restored,40,40
1506,restored,restored,restored,41,41
1507,restored,restored,restored,42,42
1508,restored,restored,restored,43,43
1509,restored,restored,restored,44,44
1510,restored,restored,restored,45,45
1511,restored,restored,restored,46,46
1512,restored,restored,restored,47,47
1513,restored,restored,restored,48,48
1514,restored,restored,restored,49,49
1515,restored,restored,restored,50,50
1516,restored,restored,restored,51,51
1517,restored,restored,restored,52,52
1518,restored,restored,restored,53,53
1519,restored,restored,restored,54,54
1520,restored,restored,restored,55,55
1521,restored,restored,restored,56,56
1522,restored,restored,restored,57,57
1523,restored,restored,restored,58,58
1524,restored,restored,restored,59,59
1525,restored,restored,restored,60,60
1526,restored,twice-logged,restored,0,0
1527,restored,twice-logged,twice-logged,1,1
1528,restored,twice-logged,twice-logged,2,2
1529,restored,twice-logged,twice-logged,3,3
1530,restored,twice-logged,twice-logged,4,4
1531,restored,twice-logged,twice-logged,5,5
1532,restored,twice-logged,twice-logged,6,6
1533,restored,twice-logged,twice-logged,7,7
1534,restored,twice-logged,twice-logged,8,8
1535,restored,twice-logged,twice-logged,9,9
1536,restored,twice-logged,twice-logged,10,10
1537,restored,twice-logged,twice-logged,11,11
1538,restored,twice-logged,twice-logged,12,12
1539,restored,twice-logged,twice-logged,13,13
1540,restored,twice-logged,twice-logged,14,14
1541,restored,twice-logged,twice-logged,15,15
1542,restored,twice-logged,twice-logged,16,16
1543,restored,twice-logged,twice-logged,17,17
1544,restored,twice-logged,twice-logged,18,18
1545,restored,twice-logged,twice-logged,19,19
1546,restored,twice-logged,twice-logged,20,20
1547,restored,twice-logged,twice-logged,21,21
1548,restored,twice-logged,twice-logged,22,22
1549,restored,twice-logged,twice-logged,23,23
1550,restored,twice-logged,twice-logged,24,24
1551,restored,twice-logged,twice-logged,25,25
1552,restored,twice-logged,twice-logged,26,26
1553,restored,twice-logged,twice-logged,27,27
1554,restored,twice-logged,twice-logged,28,28
1555,restored,twice-logged,twice-logged,29,29
1556,restored,twice-logged,twice-logged,30,30
1557,restored,twice-logged,twice-logged,31,31
1558,restored,twice-logged,twice-logged,32,32
1559,restored,twice-logged,twice-logged,33,33
1560,restored,twice-logged,twice-logged,34,34
1561,restored,twice-logged,twice-logged,35,35
1562,restored,twice-logged,twice-logged,36,36
1563,restored,twice-logged,twice-logged,37,37
1564,restored,twice-logged,twice-logged,38,38
1565,restored,twice-logged,twice-logged,39,39
1566,restored,twice-logged,twice-logged,40,40
1567,restored,twice-logged,twice-logged,41,41
1568,restored,twice-logged,twice-logged,42,42
1569,restored,twice-logged,twice-logged,43,43
1570,restored,twice-logged,twice-logged,44,44
1571,restored,twice-logged,twice-logged,45,45
1572,restored,twice-logged,twice-logged,46,46
1573,restored,twice-logged,twice-logged,47,47
1574,restored,twice-logged,twice-logged,48,48
1575,restored,twice-logged,twice-logged,49,49
1576,restored,twice-logged,twice-logged,50,50
1577,restored,twice-logged,twice-logged,51,51
1578,restored,twice-logged,twice-logged,52,52
1579,restored,twice-logged,twice-logged,53,53
1580,restored,twice-logged,twice-logged,54,54
1581,restored,twice-logged,twice-logged,55,55
1582,restored,twice-logged,twice-logged,56,56
1583,restored,twice-logged,twice-logged,57,57
1584,restored,twice-logged,twice-logged,58,58
1585,restored,twice-logged,twice-logged,59,59
1586,restored,twice-logged,twice-logged,60,60
1587,twice-logged,albizia_current,twice-logged,0,0
1588,twice-logged,albizia_current,albizia_current,1,1
1589,twice-logged,albizia_current,albizia_current,2,2
1590,twice-logged,albizia_current,albizia_current,3,3
1591,twice-logged,albizia_current,albizia_current,4,4
1592,twice-logged,albizia_current,albizia_current,5,5
1593,twice-logged,albizia_current,albizia_current,6,6
1594,twice-logged,albizia_current,albizia_current,7,7
1595,twice-logged,albizia_current,albizia_current,8,8
1596,twice-logged,albizia_current,albizia_current,9,9
1597,twice-logged,albizia_current,albizia_current,10,10
1598,twice-logged,albizia_current,albizia_current,11,11
1599,twice-logged,albizia_current,albizia_current,12,12
1600,twice-logged,albizia_current,albizia_current,1,13
1601,twice-logged,albizia_current,albizia_current,2,14
1602,twice-logged,albizia_current,albizia_current,3,15
1603,twice-logged,albizia_current,albizia_current,4,16
1604,twice-logged,albizia_current,albizia_current,5,17
1605,twice-logged,albizia_current,albizia_current,6,18
1606,twice-logged,albizia_current,albizia_current,7,19
1607,twice-logged,albizia_current,albizia_current,8,20
1608,twice-logged,albizia_current,albizia_current,9,21
1609,twice-logged,albizia_current,albizia_current,10,22
1610,twice-logged,albizia_current,albizia_current,11,23
1611,twice-logged,albizia_current,albizia_current,12,24
1612,twice-logged,albizia_current,albizia_current,1,25
1613,twice-logged,albizia_current,albizia_current,2,26
1614,twice-logged,albizia_current,albizia_current,3,27
1615,twice-logged,albizia_current,albizia_current,4,28
1616,twice-logged,albizia_current,albizia_current,5,29
1617,twice-logged,albizia_current,albizia_current,6,30
1618,twice-logged,albizia_current,albizia_current,7,31
1619,twice-logged,albizia_current,albizia_current,8,32
1620,twice-logged,albizia_current,albizia_current,9,33
1621,twice-logged,albizia_current,albizia_current,10,34
1622,twice-logged,albizia_current,albizia_current,11,35
1623,twice-logged,albizia_current,albizia_current,12,36
1624,twice-logged,albizia_current,albizia_current,1,37
1625,twice-logged,albizia_current,albizia_current,2,38
1626,twice-logged,albizia_current,albizia_current,3,39
1627,twice-logged,albizia_current,albizia_current,4,40
1628,twice-logged,albizia_current,albizia_current,5,41
1629,twice-logged,albizia_current,albizia_current,6,42
1630,twice-logged,albizia_current,albizia_current,7,43
1631,twice-logged,albizia_current,albizia_current,8,44
1632,twice-logged,albizia_current,albizia_current,9,45
1633,twice-logged,albizia_current,albizia_current,10,46
1634,twice-logged,albizia_current,albizia_current,11,47
1635,twice-logged,albizia_current,albizia_current,12,48
1636,twice-logged,albizia_current,albizia_current,1,49
1637,twice-logged,albizia_current,albizia_current,2,50
1638,twice-logged,albizia_current,albizia_current,3,51
1639,twice-logged,albizia_current,albizia_current,4,52
1640,twice-logged,albizia_current,albizia_current,5,53
1641,twice-logged,albizia_current,albizia_current,6,54
1642,twice-logged,albizia_current,albizia_current,7,55
1643,twice-logged,albizia_current,albizia_current,8,56
1644,twice-logged,albizia_current,albizia_current,9,57
1645,twice-logged,albizia_current,albizia_current,10,58
1646,twice-logged,albizia_current,albizia_current,11,59
1647,twice-logged,albizia_current,albizia_current,12,60
1648,twice-logged,albizia_improved,twice-logged,0,0
1649,twice-logged,albizia_improved,albizia_improved,1,1
1650,twice-logged,albizia_improved,albizia_improved,2,2
1651,twice-logged,albizia_improved,albizia_improved,3,3
1652,twice-logged,albizia_improved,albizia_improved,4,4
1653,twice-logged,albizia_improved,albizia_improved,5,5
1654,twice-logged,albizia_improved,albizia_improved,6,6
1655,twice-logged,albizia_improved,albizia_improved,7,7
1656,twice-logged,albizia_improved,albizia_improved,8,8
1657,twice-logged,albizia_improved,albizia_improved,9,9
1658,twice-logged,albizia_improved,albizia_improved,10,10
1659,twice-logged,albizia_improved,albizia_improved,11,11
1660,twice-logged,albizia_improved,albizia_improved,12,12
1661,twice-logged,albizia_improved,albizia_improved,1,13
1662,twice-logged,albizia_improved,albizia_improved,2,14
1663,twice-logged,albizia_improved,albizia_improved,3,15
1664,twice-logged,albizia_improved,albizia_improved,4,16
1665,twice-logged,albizia_improved,albizia_improved,5,17
1666,twice-logged,albizia_improved,albizia_improved,6,18
1667,twice-logged,albizia_improved,albizia_improved,7,19
1668,twice-logged,albizia_improved,albizia_improved,8,20
1669,twice-logged,albizia_improved,albizia_improved,9,21
1670,twice-logged,albizia_improved,albizia_improved,10,22
1671,twice-logged,albizia_improved,albizia_improved,11,23
1672,twice-logged,albizia_improved,albizia_improved,12,24
1673,twice-logged,albizia_improved,albizia_improved,1,25
1674,twice-logged,albizia_improved,albizia_improved,2,26
1675,twice-logged,albizia_improved,albizia_improved,3,27
1676,twice-logged,albizia_improved,albizia_improved,4,28
1677,twice-logged,albizia_improved,albizia_improved,5,29
1678,twice-logged,albizia_improved,albizia_improved,6,30
1679,twice-logged,albizia_improved,albizia_improved,7,31
1680,twice-logged,albizia_improved,albizia_improved,8,32
1681,twice-logged,albizia_improved,albizia_improved,9,33
1682,twice-logged,albizia_improved,albizia_improved,10,34
1683,twice-logged,albizia_improved,albizia_improved,11,35
1684,twice-logged,albizia_improved,albizia_improved,12,36
1685,twice-logged,albizia_improved,albizia_improved,1,37
1686,twice-logged,albizia_improved,albizia_improved,2,38
1687,twice-logged,albizia_improved,albizia_improved,3,39
1688,twice-logged,albizia_improved,albizia_improved,4,40
1689,twice-logged,albizia_improved,albizia_improved,5,41
1690,twice-logged,albizia_improved,albizia_improved,6,42
1691,twice-logged,albizia_improved,albizia_improved,7,43
1692,twice-logged,albizia_improved,albizia_improved,8,44
1693,twice-logged,albizia_improved,albizia_improved,9,45
1694,twice-logged,albizia_improved,albizia_improved,10,46
1695,twice-logged,albizia_improved,albizia_improved,11,47
1696,twice-logged,albizia_improved,albizia_improved,12,48
1697,twice-logged,albizia_improved,albizia_improved,1,49
1698,twice-logged,albizia_improved,albizia_improved,2,50
1699,twice-logged,albizia_improved,albizia_improved,3,51
1700,twice-logged,albizia_improved,albizia_improved,4,52
1701,twice-logged,albizia_improved,albizia_improved,5,53
1702,twice-logged,albizia_improved,albizia_improved,6,54
1703,twice-logged,albizia_improved,albizia_improved,7,55
1704,twice-logged,albizia_improved,albizia_improved,8,56
1705,twice-logged,albizia_improved,albizia_improved,9,57
1706,twice-logged,albizia_improved,albizia_improved,10,58
1707,twice-logged,albizia_improved,albizia_improved,11,59
1708,twice-logged,albizia_improved,albizia_improved,12,60
1709,twice-logged,eucalyptus_current,twice-logged,0,0
1710,twice-logged,eucalyptus_current,eucalyptus_current,1,1
1711,twice-logged,eucalyptus_current,eucalyptus_current,2,2
1712,twice-logged,eucalyptus_current,eucalyptus_current,3,3
1713,twice-logged,eucalyptus_current,eucalyptus_current,4,4
1714,twice-logged,eucalyptus_current,eucalyptus_current,5,5
1715,twice-logged,eucalyptus_current,eucalyptus_current,6,6
1716,twice-logged,eucalyptus_current,eucalyptus_current,1,7
1717,twice-logged,eucalyptus_current,eucalyptus_current,2,8
1718,twice-logged,eucalyptus_current,eucalyptus_current,3,9
1719,twice-logged,eucalyptus_current,eucalyptus_current,4,10
1720,twice-logged,eucalyptus_current,eucalyptus_current,5,11
1721,twice-logged,eucalyptus_current,eucalyptus_current,6,12
1722,twice-logged,eucalyptus_current,eucalyptus_current,1,13
1723,twice-logged,eucalyptus_current,eucalyptus_current,2,14
1724,twice-logged,eucalyptus_current,eucalyptus_current,3,15
1725,twice-logged,eucalyptus_current,eucalyptus_current,4,16
1726,twice-logged,eucalyptus_current,eucalyptus_current,5,17
1727,twice-logged,eucalyptus_current,eucalyptus_current,6,18
1728,twice-logged,eucalyptus_current,eucalyptus_current,1,19
1729,twice-logged,eucalyptus_current,eucalyptus_current,2,20
1730,twice-logged,eucalyptus_current,eucalyptus_current,3,21
1731,twice-logged,eucalyptus_current,eucalyptus_current,4,22
1732,twice-logged,eucalyptus_current,eucalyptus_current,5,23
1733,twice-logged,eucalyptus_current,eucalyptus_current,6,24
1734,twice-logged,eucalyptus_current,eucalyptus_current,1,25
1735,twice-logged,eucalyptus_current,eucalyptus_current,2,26
1736,twice-logged,eucalyptus_current,eucalyptus_current,3,27
1737,twice-logged,eucalyptus_current,eucalyptus_current,4,28
1738,twice-logged,eucalyptus_current,eucalyptus_current,5,29
1739,twice-logged,eucalyptus_current,eucalyptus_current,6,30
1740,twice-logged,eucalyptus_current,eucalyptus_current,1,31
1741,twice-logged,eucalyptus_current,eucalyptus_current,2,32
1742,twice-logged,eucalyptus_current,eucalyptus_current,3,33
1743,twice-logged,eucalyptus_current,eucalyptus_current,4,34
1744,twice-logged,eucalyptus_current,eucalyptus_current,5,35
1745,twice-logged,eucalyptus_current,eucalyptus_current,6,36
1746,twice-logged,eucalyptus_current,eucalyptus_current,1,37
1747,twice-logged,eucalyptus_current,eucalyptus_current,2,38
1748,twice-logged,eucalyptus_current,eucalyptus_current,3,39
1749,twice-logged,eucalyptus_current,eucalyptus_current,4,40
1750,twice-logged,eucalyptus_current,eucalyptus_current,5,41
1751,twice-logged,eucalyptus_current,eucalyptus_current,6,42
1752,twice-logged,eucalyptus_current,eucalyptus_current,1,43
1753,twice-logged,eucalyptus_current,eucalyptus_current,2,44
1754,twice-logged,eucalyptus_current,eucalyptus_current,3,45
1755,twice-logged,eucalyptus_current,eucalyptus_current,4,46
1756,twice-logged,eucalyptus_current,eucalyptus_current,5,47
1757,twice-logged,eucalyptus_current,eucalyptus_current,6,48
1758,twice-logged,eucalyptus_current,eucalyptus_current,1,49
1759,twice-logged,eucalyptus_current,eucalyptus_current,2,50
1760,twice-logged,eucalyptus_current,eucalyptus_current,3,51
1761,twice-logged,eucalyptus_current,eucalyptus_current,4,52
1762,twice-logged,eucalyptus_current,eucalyptus_current,5,53
1763,twice-logged,eucalyptus_current,eucalyptus_current,6,54
1764,twice-logged,eucalyptus_current,eucalyptus_current,1,55
1765,twice-logged,eucalyptus_current,eucalyptus_current,2,56
1766,twice-logged,eucalyptus_current,eucalyptus_current,3,57
1767,twice-logged,eucalyptus_current,eucalyptus_current,4,58
1768,twice-logged,eucalyptus_current,eucalyptus_current,5,59
1769,twice-logged,eucalyptus_current,eucalyptus_current,6,60
1770,twice-logged,eucalyptus_improved,twice-logged,0,0
1771,twice-logged,eucalyptus_improved,eucalyptus_improved,1,1
1772,twice-logged,eucalyptus_improved,eucalyptus_improved,2,2
1773,twice-logged,eucalyptus_improved,eucalyptus_improved,3,3
1774,twice-logged,eucalyptus_improved,eucalyptus_improved,4,4
1775,twice-logged,eucalyptus_improved,eucalyptus_improved,5,5
1776,twice-logged,eucalyptus_improved,eucalyptus_improved,6,6
1777,twice-logged,eucalyptus_improved,eucalyptus_improved,1,7
1778,twice-logged,eucalyptus_improved,eucalyptus_improved,2,8
1779,twice-logged,eucalyptus_improved,eucalyptus_improved,3,9
1780,twice-logged,eucalyptus_improved,eucalyptus_improved,4,10
1781,twice-logged,eucalyptus_improved,eucalyptus_improved,5,11
1782,twice-logged,eucalyptus_improved,eucalyptus_improved,6,12
1783,twice-logged,eucalyptus_improved,eucalyptus_improved,1,13
1784,twice-logged,eucalyptus_improved,eucalyptus_improved,2,14
1785,twice-logged,eucalyptus_improved,eucalyptus_improved,3,15
1786,twice-logged,eucalyptus_improved,eucalyptus_improved,4,16
1787,twice-logged,eucalyptus_improved,eucalyptus_improved,5,17
1788,twice-logged,eucalyptus_improved,eucalyptus_improved,6,18
1789,twice-logged,eucalyptus_improved,eucalyptus_improved,1,19
1790,twice-logged,eucalyptus_improved,eucalyptus_improved,2,20
1791,twice-logged,eucalyptus_improved,eucalyptus_improved,3,21
1792,twice-logged,eucalyptus_improved,eucalyptus_improved,4,22
1793,twice-logged,eucalyptus_improved,eucalyptus_improved,5,23
1794,twice-logged,eucalyptus_improved,eucalyptus_improved,6,24
1795,twice-logged,eucalyptus_improved,eucalyptus_improved,1,25
1796,twice-logged,eucalyptus_improved,eucalyptus_improved,2,26
1797,twice-logged,eucalyptus_improved,eucalyptus_improved,3,27
1798,twice-logged,eucalyptus_improved,eucalyptus_improved,4,28
1799,twice-logged,eucalyptus_improved,eucalyptus_improved,5,29
1800,twice-logged,eucalyptus_improved,eucalyptus_improved,6,30
1801,twice-logged,eucalyptus_improved,eucalyptus_improved,1,31
1802,twice-logged,eucalyptus_improved,eucalyptus_improved,2,32
1803,twice-logged,eucalyptus_improved,eucalyptus_improved,3,33
1804,twice-logged,eucalyptus_improved,eucalyptus_improved,4,34
1805,twice-logged,eucalyptus_improved,eucalyptus_improved,5,35
1806,twice-logged,eucalyptus_improved,eucalyptus_improved,6,36
1807,twice-logged,eucalyptus_improved,eucalyptus_improved,1,37
1808,twice-logged,eucalyptus_improved,eucalyptus_improved,2,38
1809,twice-logged,eucalyptus_improved,eucalyptus_improved,3,39
1810,twice-logged,eucalyptus_improved,eucalyptus_improved,4,40
1811,twice-logged,eucalyptus_improved,eucalyptus_improved,5,41
1812,twice-logged,eucalyptus_improved,eucalyptus_improved,6,42
1813,twice-logged,eucalyptus_improved,eucalyptus_improved,1,43
1814,twice-logged,eucalyptus_improved,eucalyptus_improved,2,44
1815,twice-logged,eucalyptus_improved,eucalyptus_improved,3,45
1816,twice-logged,eucalyptus_improved,eucalyptus_improved,4,46
1817,twice-logged,eucalyptus_improved,eucalyptus_improved,5,47
1818,twice-logged,eucalyptus_improved,eucalyptus_improved,6,48
1819,twice-logged,eucalyptus_improved,eucalyptus_improved,1,49
1820,twice-logged,eucalyptus_improved,eucalyptus_improved,2,50
1821,twice-logged,eucalyptus_improved,eucalyptus_improved,3,51
1822,twice-logged,eucalyptus_improved,eucalyptus_improved,4,52
1823,twice-logged,eucalyptus_improved,eucalyptus_improved,5,53
1824,twice-logged,eucalyptus_improved,eucalyptus_improved,6,54
1825,twice-logged,eucalyptus_improved,eucalyptus_improved,1,55
1826,twice-logged,eucalyptus_improved,eucalyptus_improved,2,56
1827,twice-logged,eucalyptus_improved,eucalyptus_improved,3,57
1828,twice-logged,eucalyptus_improved,eucalyptus_improved,4,58
1829,twice-logged,eucalyptus_improved,eucalyptus_improved,5,59
1830,twice-logged,eucalyptus_improved,eucalyptus_improved,6,60
1831,twice-logged,twice-logged,twice-logged,0,0
1832,twice-logged,twice-logged,twice-logged,1,1
1833,twice-logged,twice-logged,twice-logged,2,2
1834,twice-logged,twice-logged,twice-logged,3,3
1835,twice-logged,twice-logged,twice-logged,4,4
1836,twice-logged,twice-logged,twice-logged,5,5
1837,twice-logged,twice-logged,twice-logged,6,6
1838,twice-logged,twice-logged,twice-logged,7,7
1839,twice-logged,twice-logged,twice-logged,8,8
1840,twice-logged,twice-logged,twice-logged,9,9
1841,twice-logged,twice-logged,twice-logged,10,10
1842,twice-logged,twice-logged,twice-logged,11,11
1843,twice-logged,twice-logged,twice-logged,12,12
1844,twice-logged,twice-logged,twice-logged,13,13
1845,twice-logged,twice-logged,twice-logged,14,14
1846,twice-logged,twice-logged,twice-logged,15,15
1847,twice-logged,twice-logged,twice-logged,16,16
1848,twice-logged,twice-logged,twice-logged,17,17
1849,twice-logged,twice-logged,twice-logged,18,18
1850,twice-logged,twice-logged,twice-logged,19,19
1851,twice-logged,twice-logged,twice-logged,20,20
1852,twice-logged,twice-logged,twice-logged,21,21
1853,twice-logged,twice-logged,twice-logged,22,22
1854,twice-logged,twice-logged,twice-logged,23,23
1855,twice-logged,twice-logged,twice-logged,24,24
1856,twice-logged,twice-logged,twice-logged,25,25
1857,twice-logged,twice-logged,twice-logged,26,26
1858,twice-logged,twice-logged,twice-logged,27,27
1859,twice-logged,twice-logged,twice-logged,28,28
1860,twice-logged,twice-logged,twice-logged,29,29
1861,twice-logged,twice-logged,twice-logged,30,30
1862,twice-logged,twice-logged,twice-logged,31,31
1863,twice-logged,twice-logged,twice-logged,32,32
1864,twice-logged,twice-logged,twice-logged,33,33
1865,twice-logged,twice-logged,twice-logged,34,34
1866,twice-logged,twice-logged,twice-logged,35,35
1867,twice-logged,twice-logged,twice-logged,36,36
1868,twice-logged,twice-logged,twice-logged,37,37
1869,twice-logged,twice-logged,twice-logged,38,38
1870,twice-logged,twice-logged,twice-logged,39,39
1871,twice-logged,twice-logged,twice-logged,40,40
1872,twice-logged,twice-logged,twice-logged,41,41
1873,twice-logged,twice-logged,twice-logged,42,42
1874,twice-logged,twice-logged,twice-logged,43,43
1875,twice-logged,twice-logged,twice-logged,44,44
1876,twice-logged,twice-logged,twice-logged,45,45
1877,twice-logged,twice-logged,twice-logged,46,46
1878,twice-logged,twice-logged,twice-logged,47,47
1879,twice-logged,twice-logged,twice-logged,48,48
1880,twice-logged,twice-logged,twice-logged,49,49
1881,twice-logged,twice-logged,twice-logged,50,50
1882,twice-logged,twice-logged,twice-logged,51,51
1883,twice-logged,twice-logged,twice-logged,52,52
1884,twice-logged,twice-logged,twice-logged,53,53
1885,twice-logged,twice-logged,twice-logged,54,54
1886,twice-logged,twice-logged,twice-logged,55,55
1887,twice-logged,twice-logged,twice-logged,56,56
1888,twice-logged,twice-logged,twice-logged,57,57
1889,twice-logged,twice-logged,twice-logged,58,58
1890,twice-logged,twice-logged,twice-logged,59,59
1891,twice-logged,twice-logged,twice-logged,60,60
